Starting org.bukkit.craftbukkit.Main
*** Warning, you've not updated in a while! ***
*** Please download a new build as per instructions from https://papermc.io/downloads/paper ***
WARN StatusConsoleListener Advanced terminal features are not available in this environment
[15:41:39 INFO]: [bootstrap] Running Java 21 (OpenJDK 64-Bit Server VM 21.0.11+10-LTS; Eclipse Adoptium Temurin-21.0.11+10) on Mac OS X 26.5.2 (aarch64)
[15:41:39 INFO]: [bootstrap] Loading Paper 1.21.1-133-ver/1.21.1@3cb8529 (2025-03-28T16:14:36Z) for Minecraft 1.21.1
[15:41:39 INFO]: [PluginInitializerManager] Initializing plugins...
[15:41:40 INFO]: [PluginRemapper] Remapping plugin 'plugins/inhGraphics-1.0.0.jar'...
[15:41:40 INFO]: [PluginRemapper] Done remapping plugin 'plugins/inhGraphics-1.0.0.jar' in 170ms.
[15:41:40 INFO]: [PluginInitializerManager] Initialized 1 plugin
[15:41:40 INFO]: [PluginInitializerManager] Bukkit plugins (1):
 - inhGraphics (1.0.0)
[15:41:41 INFO]: Environment: Environment[sessionHost=https://sessionserver.mojang.com, servicesHost=https://api.minecraftservices.com, name=PROD]
[15:41:41 INFO]: Loaded 1290 recipes
[15:41:41 INFO]: Loaded 1399 advancements
[15:41:41 INFO]: Starting minecraft server version 1.21.1
[15:41:41 INFO]: Loading properties
[15:41:41 INFO]: This server is running Paper version 1.21.1-133-ver/1.21.1@3cb8529 (2025-03-28T16:14:36Z) (Implementing API version 1.21.1-R0.1-SNAPSHOT)
[15:41:42 INFO]: [spark] This server bundles the spark profiler. For more information please visit https://docs.papermc.io/paper/profiling
[15:41:42 INFO]: Using 4 threads for Netty based IO
[15:41:42 INFO]: Server Ping Player Sample Count: 12
[15:41:42 INFO]: [ChunkTaskScheduler] Chunk system is using 1 I/O threads, 2 worker threads, and population gen parallelism of 2 threads
[15:41:42 INFO]: Default game type: SURVIVAL
[15:41:42 INFO]: Generating keypair
[15:41:42 INFO]: Starting Minecraft server on *:25565
[15:41:42 INFO]: Using default channel type
[15:41:42 INFO]: Paper: Using libdeflate (macOS ARM64 / Apple Silicon) compression from Velocity.
[15:41:42 INFO]: Paper: Using native (macOS ARM64 / Apple Silicon) cipher from Velocity.
[15:41:42 INFO]: [inhGraphics] Loading server plugin inhGraphics v1.0.0
[15:41:42 INFO]: Server permissions file permissions.yml is empty, ignoring it
[15:41:42 WARN]: **** SERVER IS RUNNING IN OFFLINE/INSECURE MODE!
[15:41:42 WARN]: The server will make no attempt to authenticate usernames. Beware.
[15:41:42 WARN]: While this makes the game possible to play without internet access, it also opens up the ability for hackers to connect with any username they choose.
[15:41:42 WARN]: To change this, set "online-mode" to "true" in the server.properties file.
[15:41:42 INFO]: Preparing level "world"
[15:41:42 INFO]: Preparing start region for dimension minecraft:overworld
[15:41:43 INFO]: Time elapsed: 251 ms
[15:41:43 INFO]: Preparing start region for dimension minecraft:the_nether
[15:41:43 INFO]: Time elapsed: 47 ms
[15:41:43 INFO]: Preparing start region for dimension minecraft:the_end
[15:41:43 INFO]: Time elapsed: 27 ms
[15:41:43 INFO]: [inhGraphics] Enabling inhGraphics v1.0.0
[15:41:43 INFO]: [inhGraphics] inhGraphics включён: персональная графика готова к художествам.
[15:41:43 INFO]: [spark] Starting background profiler...
[15:41:44 INFO]: Done preparing level "world" (1.235s)
[15:41:44 INFO]: Starting remote control listener
[15:41:44 INFO]: Thread RCON Listener started
[15:41:44 INFO]: RCON running on 0.0.0.0:25575
[15:41:44 INFO]: Running delayed init tasks
[15:41:44 INFO]: Done (6.469s)! For help, type "help"
[15:41:44 INFO]: Timings Reset
[15:42:39 INFO]: UUID of player ChatSpy is 9372769a-5e55-32c9-a9d0-8f2d544dd266
[15:42:39 INFO]: [38;2;255;255;85mChatSpy joined the game[0m
[15:42:39 INFO]: Thread RCON Client /127.0.0.1 started
[15:42:39 INFO]: ChatSpy[/[0:0:0:0:0:0:0:1]:54162] logged in with entity id 78 at ([world]6.5, -60.0, -7.5)
[15:42:39 INFO]: Thread RCON Client /127.0.0.1 shutting down
[15:42:59 INFO]: ChatSpy was slain by Zombie
[15:43:05 INFO]: Thread RCON Client /127.0.0.1 started
[15:43:05 INFO]: Thread RCON Client /127.0.0.1 shutting down
[15:43:26 INFO]: ChatSpy was blown up by Creeper
[15:43:41 INFO]: UUID of player TestBot is 30fecbe1-2271-3418-8553-d3ded0e95f56
[15:43:41 INFO]: [38;2;255;255;85mTestBot joined the game[0m
[15:43:41 INFO]: TestBot[/[0:0:0:0:0:0:0:1]:54169] logged in with entity id 217 at ([world]10.259762183219399, -63.0, -5.7)
[15:43:41 INFO]: Thread RCON Client /127.0.0.1 started
[15:43:41 INFO]: Thread RCON Client /127.0.0.1 shutting down
[15:44:05 INFO]: Thread RCON Client /127.0.0.1 started
[15:44:05 INFO]: Thread RCON Client /127.0.0.1 shutting down
[15:48:03 INFO]: UUID of player Belisarius_kawl is c96061c8-2cd1-36bd-a8f5-7615dafde5bd
[15:48:04 INFO]: [38;2;255;255;85mBelisarius_kawl joined the game[0m
[15:48:04 INFO]: Belisarius_kawl[/127.0.0.1:54212] logged in with entity id 484 at ([world]126.73970133958231, -52.592396284996774, 50.66894937337797)
[15:48:04 INFO]: Thread RCON Client /127.0.0.1 started
[15:48:04 INFO]: Thread RCON Client /127.0.0.1 shutting down
[15:48:16 INFO]: Belisarius_kawl issued server command: /inhgraphics:igreset
[15:48:22 INFO]: Belisarius_kawl issued server command: /inhgraphics:igreset all
[15:48:49 INFO]: Belisarius_kawl issued server command: /tp @a Belisarius_kawl
[15:48:49 INFO]: [3m[38;2;170;170;170m[Belisarius_kawl: Teleported 3 entities to Belisarius_kawl][0m
[15:48:49 WARN]: ChatSpy moved too quickly! 108.49767745073949,24.271279213547174,47.14327587358783
[15:48:49 WARN]: TestBot moved too quickly! 100.95875796417587,24.271279213547174,54.54327587358784
[15:48:49 WARN]: ChatSpy moved too quickly! 108.49767745073949,24.271279213547174,47.14327587358783
[15:48:49 WARN]: ChatSpy moved too quickly! 108.49767745073949,24.271279213547174,47.14327587358783
[15:48:49 WARN]: TestBot moved too quickly! 100.95875796417587,24.271279213547174,54.54327587358784
[15:48:49 WARN]: ChatSpy moved too quickly! 108.49767745073949,24.271279213547174,47.14327587358783
[15:48:49 WARN]: TestBot moved too quickly! 100.95875796417587,24.271279213547174,54.54327587358784
[15:48:49 WARN]: TestBot moved too quickly! 100.95875796417587,24.271279213547174,54.54327587358784
[15:48:49 WARN]: ChatSpy moved too quickly! 108.49767745073949,24.271279213547174,47.14327587358783
[15:48:49 WARN]: ChatSpy moved too quickly! 108.49767745073949,24.271279213547174,47.14327587358783
[15:48:49 WARN]: TestBot moved too quickly! 100.95875796417587,24.271279213547174,54.54327587358784
[15:48:49 WARN]: ChatSpy moved too quickly! 108.49767745073949,24.271279213547174,47.14327587358783
[15:48:49 WARN]: TestBot moved too quickly! 100.95875796417587,24.271279213547174,54.54327587358784
[15:48:49 WARN]: TestBot moved too quickly! 100.95875796417587,24.271279213547174,54.54327587358784
[15:48:49 WARN]: ChatSpy moved too quickly! 108.49767745073949,24.271279213547174,47.14327587358783
[15:48:49 WARN]: TestBot moved too quickly! 100.95875796417587,24.271279213547174,54.54327587358784
[15:48:49 WARN]: ChatSpy moved too quickly! 108.49767745073949,24.271279213547174,47.14327587358783
[15:48:49 WARN]: ChatSpy moved too quickly! 108.49767745073949,24.271279213547174,47.14327587358783
[15:48:49 WARN]: TestBot moved too quickly! 100.95875796417587,24.271279213547174,54.54327587358784
[15:48:49 WARN]: ChatSpy moved too quickly! 108.49767745073949,24.271279213547174,47.14327587358783
[15:48:49 WARN]: TestBot moved too quickly! 100.95875796417587,24.271279213547174,54.54327587358784
[15:48:49 WARN]: ChatSpy moved too quickly! 108.49767745073949,24.271279213547174,47.14327587358783
[15:48:49 WARN]: TestBot moved too quickly! 100.95875796417587,24.271279213547174,54.54327587358784
[15:48:50 INFO]: ChatSpy fell from a high place
[15:48:50 INFO]: TestBot fell from a high place
[15:48:53 INFO]: Belisarius_kawl issued server command: /tp @a Belisarius_kawl
[15:48:53 INFO]: [3m[38;2;170;170;170m[Belisarius_kawl: Teleported 3 entities to Belisarius_kawl][0m
[15:48:53 WARN]: TestBot moved too quickly! 104.29767745073949,3.0,48.343275873587835
[15:48:53 WARN]: ChatSpy moved too quickly! 114.29767745073949,2.0,43.343275873587835
[15:48:53 WARN]: TestBot moved too quickly! 104.29767745073949,3.0,48.343275873587835
[15:48:53 WARN]: ChatSpy moved too quickly! 114.29767745073949,2.0,43.343275873587835
[15:48:53 WARN]: TestBot moved too quickly! 104.29767745073949,3.0,48.343275873587835
[15:48:53 WARN]: TestBot moved too quickly! 104.29767745073949,3.0,48.343275873587835
[15:48:53 WARN]: ChatSpy moved too quickly! 114.29767745073949,2.0,43.343275873587835
[15:48:53 WARN]: TestBot moved too quickly! 104.29767745073949,3.0,48.343275873587835
[15:48:53 WARN]: ChatSpy moved too quickly! 114.29767745073949,2.0,43.343275873587835
[15:48:53 WARN]: TestBot moved too quickly! 104.29767745073949,3.0,48.343275873587835
[15:48:53 WARN]: ChatSpy moved too quickly! 114.29767745073949,2.0,43.343275873587835
[15:48:53 WARN]: ChatSpy moved too quickly! 114.29767745073949,2.0,43.343275873587835
[15:48:53 WARN]: TestBot moved too quickly! 104.29767745073949,3.0,48.343275873587835
[15:48:53 WARN]: ChatSpy moved too quickly! 114.29767745073949,2.0,43.343275873587835
[15:48:53 WARN]: TestBot moved too quickly! 104.29767745073949,3.0,48.343275873587835
[15:48:53 WARN]: ChatSpy moved too quickly! 114.29767745073949,2.0,43.343275873587835
[15:48:53 WARN]: TestBot moved too quickly! 104.29767745073949,3.0,48.343275873587835
[15:48:53 WARN]: ChatSpy moved too quickly! 114.29767745073949,2.0,43.343275873587835
[15:48:53 WARN]: TestBot moved too quickly! 104.29767745073949,3.0,48.343275873587835
[15:48:53 WARN]: ChatSpy moved too quickly! 114.29767745073949,2.0,43.343275873587835
[15:48:53 WARN]: TestBot moved too quickly! 104.29767745073949,3.0,48.343275873587835
[15:48:53 WARN]: ChatSpy moved too quickly! 114.29767745073949,2.0,43.343275873587835
[15:48:53 WARN]: ChatSpy moved too quickly! 114.29767745073949,2.0,43.343275873587835
[15:48:53 WARN]: ChatSpy moved too quickly! 114.29767745073949,2.0,43.343275873587835
[15:48:53 WARN]: ChatSpy moved too quickly! 114.29767745073949,2.0,43.343275873587835
[15:48:53 WARN]: ChatSpy moved too quickly! 114.29767745073949,2.0,43.343275873587835
[15:48:53 WARN]: ChatSpy moved too quickly! 114.29767745073949,2.0,43.343275873587835
[15:48:53 WARN]: ChatSpy moved too quickly! 114.29767745073949,2.0,43.343275873587835
[15:48:53 WARN]: ChatSpy moved too quickly! 114.29767745073949,2.0,43.343275873587835
[15:48:53 WARN]: ChatSpy moved too quickly! 114.29767745073949,2.0,43.343275873587835
[15:48:53 WARN]: ChatSpy moved too quickly! 114.29767745073949,2.0,43.343275873587835
[15:48:53 WARN]: ChatSpy moved too quickly! 114.29767745073949,2.0,43.343275873587835
[15:49:22 INFO]: TestBot was slain by Slime
[15:49:33 INFO]: ChatSpy was slain by Slime
[15:49:52 INFO]: Belisarius_kawl issued server command: /inhgraphics:igtime night Belisarius_kawl
[15:52:23 INFO]: Belisarius_kawl lost connection: Disconnected
[15:52:23 INFO]: [38;2;255;255;85mBelisarius_kawl left the game[0m
[15:52:55 INFO]: TestBot was slain by Zombie
[15:53:06 INFO]: TestBot was slain by Zombie
[15:53:17 INFO]: TestBot was slain by Zombie
[15:53:31 INFO]: TestBot was slain by Zombie
[15:53:40 INFO]: ChatSpy was slain by Zombie
[15:53:45 INFO]: TestBot was slain by Zombie
[15:53:54 INFO]: ChatSpy was slain by Zombie
[15:54:03 INFO]: ChatSpy was slain by Zombie
[15:54:06 INFO]: TestBot was slain by Zombie
[15:54:14 INFO]: ChatSpy was slain by Zombie
[15:54:21 INFO]: ChatSpy was slain by Zombie
[15:54:28 INFO]: ChatSpy was slain by Zombie
[15:54:37 INFO]: ChatSpy was slain by Zombie
[15:54:40 INFO]: TestBot was shot by Skeleton
[15:54:47 INFO]: ChatSpy was slain by Zombie
[15:54:58 INFO]: ChatSpy was slain by Zombie
[15:55:01 INFO]: TestBot was slain by Zombie
[15:55:09 INFO]: ChatSpy was slain by Zombie
[15:55:11 INFO]: TestBot was slain by Zombie
[15:55:18 INFO]: TestBot was slain by Zombie
[15:55:19 INFO]: ChatSpy was blown up by Creeper
[15:55:25 INFO]: TestBot was slain by Zombie
[15:55:27 INFO]: ChatSpy was slain by Zombie
[15:55:35 INFO]: TestBot was slain by Zombie
[15:55:44 INFO]: TestBot was slain by Zombie
[15:55:53 INFO]: TestBot was slain by Zombie
[15:56:00 INFO]: TestBot was slain by Zombie
[15:56:02 INFO]: ChatSpy was slain by Zombie
[15:56:10 INFO]: TestBot was slain by Zombie
[15:56:17 INFO]: TestBot was slain by Zombie
[15:56:23 INFO]: ChatSpy was slain by Zombie
[15:56:31 INFO]: TestBot was slain by Zombie
[15:56:32 INFO]: ChatSpy was slain by Zombie
[15:56:38 INFO]: TestBot was slain by Zombie
[15:56:44 INFO]: TestBot was slain by Zombie
[15:56:45 INFO]: ChatSpy was slain by Zombie
[15:56:50 INFO]: TestBot was slain by Zombie
[15:56:53 INFO]: ChatSpy was slain by Zombie
[15:57:01 INFO]: ChatSpy was slain by Zombie
[15:57:06 INFO]: TestBot was slain by Zombie
[15:57:11 INFO]: ChatSpy was slain by Zombie
[15:57:17 INFO]: TestBot was slain by Zombie
[15:57:19 INFO]: ChatSpy was slain by Zombie
[15:57:26 INFO]: TestBot was slain by Spider
[15:57:32 INFO]: TestBot was blown up by Creeper
[15:57:37 INFO]: ChatSpy was slain by Spider
[15:57:39 INFO]: TestBot was slain by Zombie
[15:57:50 INFO]: ChatSpy was slain by Zombie
[15:57:51 INFO]: TestBot was slain by Zombie
[15:57:58 INFO]: ChatSpy was slain by Zombie
[15:58:01 INFO]: TestBot was slain by Zombie
[15:58:10 INFO]: TestBot was slain by Zombie
[15:58:11 INFO]: ChatSpy was slain by Spider
[15:58:16 INFO]: TestBot was slain by Spider
[15:58:20 INFO]: ChatSpy was slain by Zombie
[15:58:26 INFO]: TestBot was slain by Zombie
[15:58:38 INFO]: TestBot was slain by Zombie
[15:58:47 INFO]: ChatSpy was slain by Zombie
[15:58:48 INFO]: TestBot was slain by Zombie
[15:58:56 INFO]: ChatSpy was slain by Zombie
[15:58:57 INFO]: TestBot was slain by Zombie
[15:59:04 INFO]: ChatSpy was blown up by Creeper
[15:59:06 INFO]: TestBot was shot by Skeleton
[15:59:15 INFO]: ChatSpy was blown up by Creeper
[15:59:24 INFO]: TestBot was slain by Zombie
[15:59:28 INFO]: ChatSpy was shot by Skeleton
[15:59:42 INFO]: TestBot was slain by Zombie
[15:59:44 INFO]: ChatSpy was slain by Spider
[15:59:55 INFO]: ChatSpy was slain by Zombie
[16:00:02 INFO]: TestBot was slain by Spider
[16:00:04 INFO]: ChatSpy was slain by Zombie
[16:00:13 INFO]: TestBot was slain by Zombie
[16:00:14 INFO]: ChatSpy was slain by Zombie
[16:00:24 INFO]: ChatSpy was slain by Zombie
[16:00:25 INFO]: TestBot was slain by Spider
[16:00:35 INFO]: TestBot was slain by Spider
[16:00:43 INFO]: TestBot was slain by Zombie
[16:00:50 INFO]: TestBot was slain by Zombie
[16:00:56 INFO]: ChatSpy was slain by Zombie
[16:01:05 INFO]: TestBot was slain by Zombie
[16:11:43 INFO]: TestBot was slain by Slime
[16:11:52 INFO]: TestBot was slain by Slime
[16:12:41 INFO]: TestBot was slain by Zombie
[16:12:51 INFO]: ChatSpy was slain by Zombie
[16:13:02 INFO]: ChatSpy was slain by Zombie
[16:13:10 INFO]: ChatSpy was slain by Zombie
[16:13:19 INFO]: ChatSpy was blown up by Creeper
[16:13:21 INFO]: TestBot was slain by Zombie
[16:13:27 INFO]: ChatSpy was slain by Zombie
[16:13:30 INFO]: TestBot was blown up by Creeper
[16:13:37 INFO]: TestBot was slain by Zombie
[16:13:52 INFO]: TestBot was slain by Zombie
[16:13:54 INFO]: ChatSpy was slain by Zombie
[16:13:59 INFO]: TestBot was slain by Zombie
[16:14:04 INFO]: ChatSpy was slain by Zombie
[16:14:07 INFO]: TestBot was slain by Zombie
[16:14:17 INFO]: ChatSpy was slain by Zombie
[16:14:26 INFO]: TestBot was slain by Zombie
[16:14:29 INFO]: ChatSpy was slain by Zombie
[16:14:47 INFO]: ChatSpy was slain by Zombie
[16:14:48 INFO]: TestBot was shot by Skeleton
[16:14:55 INFO]: TestBot was blown up by Creeper
[16:14:57 INFO]: ChatSpy was slain by Slime
[16:15:01 INFO]: ChatSpy was blown up by Creeper
[16:15:10 INFO]: TestBot was slain by Spider
[16:15:16 INFO]: TestBot was slain by Zombie
[16:15:19 INFO]: ChatSpy was slain by Zombie
[16:15:25 INFO]: TestBot was slain by Zombie
[16:15:26 INFO]: ChatSpy was slain by Zombie
[16:15:35 INFO]: TestBot was slain by Zombie
[16:15:36 INFO]: ChatSpy was slain by Zombie
[16:15:42 INFO]: ChatSpy was slain by Slime
[16:15:43 INFO]: TestBot was slain by Zombie
[16:15:53 INFO]: ChatSpy was slain by Zombie
[16:15:54 INFO]: TestBot was slain by Zombie
[16:16:01 INFO]: ChatSpy was slain by Zombie
[16:16:08 INFO]: ChatSpy was slain by Zombie
[16:16:14 INFO]: TestBot was slain by Zombie
[16:16:19 INFO]: ChatSpy was slain by Zombie
[16:16:29 INFO]: TestBot was slain by Zombie
[16:16:37 INFO]: TestBot was slain by Zombie
[16:16:38 INFO]: ChatSpy was slain by Zombie
[16:16:40 WARN]: TestBot moved wrongly!
[16:16:45 INFO]: TestBot was slain by Zombie
[16:16:49 INFO]: ChatSpy was slain by Zombie
[16:16:51 INFO]: TestBot was slain by Slime
[16:17:00 INFO]: TestBot was slain by Zombie
[16:17:10 INFO]: ChatSpy was slain by Zombie
[16:17:12 INFO]: TestBot was slain by Zombie
[16:17:20 INFO]: ChatSpy was slain by Zombie
[16:17:23 INFO]: TestBot was slain by Zombie
[16:17:29 INFO]: ChatSpy was slain by Zombie
[16:17:31 INFO]: TestBot was slain by Spider
[16:17:40 INFO]: ChatSpy was shot by Skeleton
[16:17:40 INFO]: TestBot was slain by Zombie
[16:17:58 INFO]: TestBot was slain by Slime
[16:18:06 INFO]: TestBot was slain by Zombie
[16:18:10 INFO]: ChatSpy was slain by Zombie
[16:18:18 INFO]: ChatSpy was slain by Zombie
[16:18:18 INFO]: TestBot was slain by Zombie
[16:18:26 INFO]: TestBot was slain by Zombie
[16:18:30 INFO]: ChatSpy was slain by Zombie
[16:18:37 INFO]: ChatSpy was slain by Zombie
[16:18:39 INFO]: TestBot was slain by Zombie
[16:18:47 INFO]: TestBot was slain by Zombie
[16:18:50 INFO]: ChatSpy was slain by Zombie
[16:18:56 INFO]: TestBot was slain by Zombie
[16:19:01 INFO]: ChatSpy was slain by Zombie
[16:19:06 INFO]: TestBot was slain by Zombie
[16:19:06 INFO]: ChatSpy was slain by Zombie
[16:19:11 INFO]: TestBot was slain by Zombie
[16:19:18 INFO]: TestBot was slain by Zombie
[16:19:21 INFO]: ChatSpy was slain by Zombie
[16:19:28 INFO]: TestBot was slain by Zombie
[16:19:35 INFO]: TestBot was slain by Zombie
[16:19:38 INFO]: ChatSpy was slain by Zombie
[16:19:42 INFO]: TestBot was blown up by Creeper
[16:19:51 INFO]: ChatSpy was slain by Spider
[16:19:53 INFO]: TestBot was slain by Zombie
[16:20:02 INFO]: TestBot was slain by Zombie
[16:20:08 INFO]: TestBot was slain by Zombie
[16:20:09 INFO]: ChatSpy was slain by Spider
[16:20:14 INFO]: TestBot was slain by Zombie Villager
[16:20:22 INFO]: TestBot was slain by Zombie
[16:20:24 INFO]: ChatSpy was slain by Spider
[16:20:31 INFO]: TestBot was slain by Zombie
[16:20:46 INFO]: ChatSpy was slain by Zombie
[16:20:49 INFO]: TestBot was slain by Spider
[16:20:53 INFO]: ChatSpy was slain by Spider
[16:21:02 INFO]: ChatSpy was slain by Spider
[16:21:03 INFO]: TestBot was slain by Zombie
[16:21:11 INFO]: TestBot was slain by Zombie Villager
[16:21:16 INFO]: ChatSpy was slain by Spider
[16:21:19 INFO]: TestBot was slain by Zombie
[16:21:25 INFO]: ChatSpy was slain by Zombie
[16:21:31 INFO]: TestBot was slain by Zombie
[16:21:33 INFO]: ChatSpy was slain by Zombie
[16:21:42 INFO]: ChatSpy was slain by Zombie
[16:21:43 INFO]: TestBot was slain by Zombie
[16:21:51 INFO]: TestBot was slain by Zombie
[16:21:51 INFO]: ChatSpy was slain by Zombie
[16:22:05 INFO]: ChatSpy was slain by Zombie
[16:22:08 INFO]: TestBot was slain by Zombie
[16:22:20 INFO]: ChatSpy was slain by Zombie
[16:22:20 INFO]: TestBot was slain by Zombie
[16:22:39 INFO]: TestBot was slain by Zombie
[16:22:45 INFO]: ChatSpy was slain by Zombie
[16:22:53 INFO]: TestBot was slain by Zombie
[16:23:05 INFO]: TestBot was slain by Zombie
[16:23:25 INFO]: ChatSpy was slain by Zombie
[16:23:27 INFO]: TestBot was slain by Slime
[16:23:35 INFO]: ChatSpy was slain by Zombie
[16:23:36 INFO]: TestBot was slain by Slime
[16:23:44 INFO]: ChatSpy was slain by Zombie
[16:23:44 INFO]: TestBot was slain by Zombie Villager
[16:23:51 INFO]: ChatSpy was slain by Zombie
[16:23:59 INFO]: TestBot was slain by Zombie
[16:24:00 INFO]: ChatSpy was slain by Zombie
[16:24:11 INFO]: ChatSpy was slain by Zombie
[16:24:23 INFO]: ChatSpy was slain by Zombie
[16:24:33 INFO]: TestBot was slain by Slime
[16:24:34 INFO]: ChatSpy was slain by Zombie
[16:24:54 INFO]: TestBot was slain by Zombie
[16:25:00 INFO]: ChatSpy was slain by Zombie
[16:25:04 INFO]: TestBot was slain by Zombie
[16:25:16 INFO]: ChatSpy was slain by Slime
[16:25:18 INFO]: TestBot was slain by Zombie
[16:25:33 INFO]: TestBot was slain by Slime
[16:26:41 INFO]: ChatSpy was slain by Slime
[16:26:50 WARN]: TestBot moved wrongly!
[16:26:51 WARN]: TestBot moved wrongly!
[16:26:52 INFO]: TestBot was slain by Slime
[16:27:01 INFO]: ChatSpy was slain by Slime
[16:27:22 INFO]: TestBot was slain by Slime
[16:27:31 INFO]: TestBot was slain by Slime
[16:27:42 INFO]: ChatSpy was slain by Slime
[16:27:55 WARN]: TestBot moved wrongly!
[16:27:56 WARN]: TestBot moved wrongly!
[16:27:56 WARN]: TestBot moved wrongly!
[16:27:57 WARN]: TestBot moved wrongly!
[16:27:57 WARN]: TestBot moved wrongly!
[16:27:58 INFO]: TestBot was slain by Slime
[16:28:09 INFO]: ChatSpy was slain by Slime
[16:28:10 INFO]: TestBot was slain by Slime
[16:28:33 INFO]: TestBot was slain by Slime
[16:29:26 INFO]: ChatSpy was slain by Slime
[16:29:37 INFO]: ChatSpy was slain by Slime
[16:30:13 INFO]: ChatSpy was slain by Slime
[16:30:17 INFO]: ChatSpy was slain by Slime
[16:30:33 INFO]: TestBot was slain by Slime
[16:30:43 INFO]: TestBot was slain by Slime
[16:31:19 INFO]: TestBot was slain by Slime
[16:31:20 INFO]: ChatSpy was slain by Slime
[16:31:26 INFO]: ChatSpy was slain by Slime
[16:31:33 INFO]: TestBot was slain by Slime
[16:31:44 INFO]: ChatSpy was slain by Slime
[16:32:50 INFO]: TestBot was slain by Zombie
[16:32:54 INFO]: ChatSpy was slain by Zombie
[16:33:00 INFO]: ChatSpy was slain by Slime
[16:33:00 INFO]: TestBot was slain by Zombie
[16:33:09 INFO]: ChatSpy was slain by Spider
[16:33:11 INFO]: TestBot was slain by Slime
[16:33:17 INFO]: ChatSpy was slain by Zombie
[16:33:23 INFO]: TestBot was slain by Zombie
[16:33:28 INFO]: ChatSpy was slain by Zombie
[16:33:36 INFO]: TestBot was slain by Zombie
[16:33:44 INFO]: TestBot was slain by Zombie
[16:33:54 INFO]: TestBot was slain by Zombie
[16:34:01 INFO]: TestBot was slain by Spider
[16:34:08 INFO]: ChatSpy was slain by Zombie
[16:34:10 INFO]: TestBot was slain by Zombie
[16:34:17 INFO]: ChatSpy was slain by Zombie
[16:34:21 INFO]: TestBot was slain by Slime
[16:34:28 INFO]: ChatSpy was slain by Zombie
[16:34:35 INFO]: TestBot was slain by Spider
[16:34:36 INFO]: ChatSpy was slain by Zombie
[16:34:45 INFO]: ChatSpy was blown up by Creeper
[16:34:46 INFO]: TestBot was slain by Zombie
[16:34:55 INFO]: ChatSpy was slain by Spider
[16:35:01 INFO]: TestBot was slain by Zombie
[16:35:05 INFO]: ChatSpy was slain by Zombie
[16:35:09 INFO]: TestBot was slain by Slime
[16:35:14 INFO]: ChatSpy was slain by Spider
[16:35:25 INFO]: TestBot was slain by Spider
[16:35:32 INFO]: ChatSpy was slain by Zombie
[16:35:35 INFO]: TestBot was slain by Zombie
[16:35:41 INFO]: ChatSpy was slain by Zombie
[16:35:53 INFO]: TestBot was slain by Zombie
[16:35:56 INFO]: ChatSpy was slain by Zombie
[16:36:02 INFO]: TestBot was slain by Zombie
[16:36:04 INFO]: ChatSpy was slain by Zombie
[16:36:10 INFO]: ChatSpy was slain by Zombie
[16:36:15 INFO]: TestBot was slain by Zombie
[16:36:16 INFO]: ChatSpy was slain by Zombie
[16:36:23 INFO]: TestBot was slain by Zombie
[16:36:31 INFO]: ChatSpy was slain by Zombie
[16:36:32 INFO]: TestBot was slain by Slime
[16:36:42 INFO]: ChatSpy was slain by Zombie
[16:36:46 INFO]: TestBot was slain by Slime
[16:36:50 INFO]: ChatSpy was slain by Zombie
[16:37:01 INFO]: TestBot was slain by Zombie
[16:37:02 INFO]: ChatSpy was slain by Zombie
[16:37:09 INFO]: TestBot was slain by Zombie
[16:37:13 INFO]: ChatSpy was slain by Slime
[16:37:16 INFO]: TestBot was slain by Spider
[16:37:25 INFO]: ChatSpy was slain by Zombie
[16:37:34 INFO]: ChatSpy was slain by Spider
[16:37:37 INFO]: TestBot was slain by Spider
[16:37:40 INFO]: ChatSpy was slain by Zombie
[16:37:44 INFO]: TestBot was slain by Slime
[16:37:48 INFO]: ChatSpy was slain by Zombie
[16:37:52 INFO]: TestBot was blown up by Creeper
[16:38:02 INFO]: TestBot was slain by Zombie
[16:38:04 INFO]: ChatSpy was slain by Zombie
[16:38:11 INFO]: TestBot was blown up by Creeper
[16:38:18 INFO]: ChatSpy was slain by Zombie
[16:38:24 INFO]: ChatSpy was slain by Zombie
[16:38:26 INFO]: TestBot was slain by Zombie
[16:38:33 INFO]: ChatSpy was slain by Zombie
[16:38:38 WARN]: TestBot moved wrongly!
[16:38:38 INFO]: TestBot was slain by Slime
[16:38:45 INFO]: ChatSpy was slain by Zombie
[16:38:46 INFO]: TestBot was slain by Zombie
[16:38:51 INFO]: ChatSpy was blown up by Creeper
[16:38:54 INFO]: TestBot was slain by Zombie
[16:39:00 INFO]: ChatSpy was slain by Zombie
[16:39:08 INFO]: ChatSpy was slain by Zombie
[16:39:17 INFO]: ChatSpy was slain by Zombie
[16:39:26 INFO]: TestBot was slain by Zombie
[16:39:29 INFO]: ChatSpy was slain by Zombie
[16:39:36 INFO]: TestBot was slain by Zombie
[16:39:38 INFO]: ChatSpy was slain by Zombie
[16:39:47 INFO]: ChatSpy was slain by Zombie
[16:39:49 INFO]: TestBot was slain by Zombie
[16:39:56 INFO]: ChatSpy was slain by Zombie
[16:40:03 INFO]: ChatSpy was slain by Zombie
[16:40:04 INFO]: TestBot was slain by Zombie
[16:40:11 INFO]: ChatSpy was slain by Zombie
[16:40:18 INFO]: ChatSpy was slain by Zombie
[16:40:21 INFO]: TestBot was slain by Zombie
[16:40:28 INFO]: TestBot was slain by Zombie
[16:40:32 INFO]: ChatSpy was slain by Zombie
[16:40:39 INFO]: TestBot was slain by Zombie
[16:40:44 INFO]: ChatSpy was slain by Zombie
[16:40:52 INFO]: TestBot was slain by Zombie
[16:40:55 INFO]: ChatSpy was slain by Zombie
[16:41:02 INFO]: TestBot was slain by Zombie
[16:41:10 INFO]: ChatSpy was slain by Zombie
[16:44:54 WARN]: TestBot moved wrongly!
[16:44:55 WARN]: TestBot moved wrongly!
[16:44:55 WARN]: TestBot moved wrongly!
[16:44:56 WARN]: TestBot moved wrongly!
[16:44:56 INFO]: TestBot was slain by Slime
[16:45:12 INFO]: TestBot was slain by Slime
[16:45:31 INFO]: TestBot was slain by Slime
[16:46:21 INFO]: TestBot was slain by Slime
[16:46:47 INFO]: ChatSpy was slain by Slime
[16:47:07 INFO]: ChatSpy was slain by Slime
[16:47:23 INFO]: ChatSpy was slain by Slime
[16:47:38 INFO]: TestBot was slain by Slime
[16:48:01 INFO]: ChatSpy was slain by Slime
[16:48:15 INFO]: ChatSpy was slain by Slime
[16:48:23 INFO]: TestBot was slain by Slime
[16:48:24 WARN]: ChatSpy moved wrongly!
[16:48:24 WARN]: ChatSpy moved wrongly!
[16:48:25 WARN]: ChatSpy moved wrongly!
[16:48:25 WARN]: ChatSpy moved wrongly!
[16:48:26 WARN]: ChatSpy moved wrongly!
[16:48:26 WARN]: ChatSpy moved wrongly!
[16:48:27 WARN]: ChatSpy moved wrongly!
[16:48:27 WARN]: ChatSpy moved wrongly!
[16:48:27 INFO]: ChatSpy was slain by Slime
[16:48:39 INFO]: TestBot was slain by Slime
[16:48:50 WARN]: TestBot moved wrongly!
[16:48:51 INFO]: TestBot was slain by Slime
[16:49:20 WARN]: TestBot moved wrongly!
[16:49:27 INFO]: TestBot was slain by Slime
[16:49:39 INFO]: TestBot was slain by Slime
[16:50:13 INFO]: TestBot was slain by Slime
[16:50:41 INFO]: TestBot was slain by Slime
[16:50:49 INFO]: TestBot was slain by Slime
[16:51:03 INFO]: TestBot was slain by Slime
[16:51:16 INFO]: TestBot was slain by Slime
[16:51:43 INFO]: TestBot was slain by Slime
[16:51:55 INFO]: TestBot was slain by Slime
[16:52:03 INFO]: ChatSpy was slain by Slime
[16:52:05 INFO]: TestBot was slain by Slime
[16:52:17 INFO]: ChatSpy was slain by Slime
[16:52:28 INFO]: ChatSpy was slain by Slime
[16:52:56 INFO]: TestBot was slain by Slime
[16:53:07 INFO]: ChatSpy was slain by Slime
[16:53:10 WARN]: TestBot moved wrongly!
[16:53:11 INFO]: TestBot was slain by Slime
[16:53:16 WARN]: ChatSpy moved wrongly!
[16:53:16 WARN]: ChatSpy moved wrongly!
[16:53:17 WARN]: ChatSpy moved wrongly!
[16:53:17 WARN]: ChatSpy moved wrongly!
[16:53:18 INFO]: ChatSpy was slain by Slime
[16:53:30 INFO]: TestBot was slain by Slime
[16:53:39 INFO]: TestBot was slain by Zombie
[16:53:39 INFO]: ChatSpy was slain by Zombie
[16:53:41 WARN]: TestBot moved wrongly!
[16:53:41 WARN]: TestBot moved wrongly!
[16:53:42 WARN]: TestBot moved wrongly!
[16:53:42 WARN]: TestBot moved wrongly!
[16:53:43 WARN]: TestBot moved wrongly!
[16:53:44 INFO]: TestBot was slain by Slime
[16:53:51 INFO]: ChatSpy was slain by Slime
[16:53:52 INFO]: TestBot was slain by Zombie
[16:53:56 INFO]: TestBot was slain by Slime
[16:54:03 INFO]: ChatSpy was shot by Skeleton
[16:54:03 INFO]: TestBot was blown up by Creeper
[16:54:11 INFO]: ChatSpy was slain by Zombie
[16:54:16 INFO]: TestBot was slain by Zombie
[16:54:22 INFO]: TestBot was blown up by Creeper
[16:54:24 INFO]: ChatSpy was slain by Slime
[16:54:31 INFO]: ChatSpy was slain by Zombie
[16:54:32 INFO]: TestBot was slain by Zombie
[16:54:42 INFO]: ChatSpy was slain by Zombie
[16:54:43 INFO]: TestBot was slain by Zombie
[16:54:53 INFO]: ChatSpy was slain by Zombie
[16:54:55 INFO]: TestBot was slain by Zombie
[16:54:59 INFO]: ChatSpy was slain by Slime
[16:55:03 INFO]: ChatSpy was slain by Slime
[16:55:05 INFO]: TestBot was slain by Slime
[16:55:09 INFO]: TestBot was slain by Slime
[16:55:14 INFO]: ChatSpy was slain by Zombie
[16:55:20 INFO]: TestBot was slain by Spider
[16:55:21 INFO]: ChatSpy was slain by Zombie
[16:55:29 INFO]: ChatSpy was slain by Slime
[16:55:37 INFO]: ChatSpy was slain by Zombie
[16:55:40 INFO]: TestBot was slain by Slime
[16:55:46 INFO]: TestBot was slain by Slime
[16:55:47 INFO]: ChatSpy was blown up by Creeper
[16:55:58 INFO]: TestBot was slain by Slime
[16:56:01 INFO]: ChatSpy was blown up by Creeper
[16:56:12 INFO]: TestBot was slain by Slime
[16:56:15 INFO]: ChatSpy was slain by Slime
[16:56:22 INFO]: ChatSpy was slain by Zombie
[16:56:27 INFO]: TestBot was slain by Zombie
[16:56:31 INFO]: ChatSpy was slain by Zombie
[16:56:38 INFO]: TestBot was slain by Zombie
[16:56:45 INFO]: ChatSpy was slain by Zombie
[16:56:48 INFO]: TestBot was slain by Zombie
[16:56:56 INFO]: ChatSpy was slain by Zombie
[16:57:02 INFO]: TestBot was slain by Zombie
[16:57:06 INFO]: ChatSpy was slain by Zombie
[16:57:13 INFO]: TestBot was slain by Zombie
[16:57:15 INFO]: ChatSpy was slain by Zombie
[16:57:25 INFO]: TestBot was slain by Zombie
[16:57:36 INFO]: ChatSpy was slain by Zombie
[16:57:38 INFO]: TestBot was slain by Zombie
[16:57:45 INFO]: TestBot was slain by Spider
[16:57:55 INFO]: TestBot was slain by Spider
[16:57:56 INFO]: ChatSpy was slain by Slime
[16:58:06 INFO]: TestBot was slain by Slime
[16:58:10 INFO]: ChatSpy was slain by Zombie
[16:58:14 INFO]: TestBot was slain by Zombie
[16:58:16 INFO]: ChatSpy was blown up by Creeper
[16:58:22 INFO]: TestBot was slain by Spider
[16:58:30 INFO]: ChatSpy was slain by Spider
[16:58:35 INFO]: TestBot was slain by Spider
[16:58:39 INFO]: ChatSpy was blown up by Creeper
[16:59:00 INFO]: TestBot was slain by Zombie
[16:59:01 INFO]: ChatSpy was slain by Zombie
[16:59:19 INFO]: ChatSpy was slain by Zombie
[16:59:21 INFO]: TestBot was slain by Zombie
[16:59:32 INFO]: ChatSpy was slain by Zombie
[16:59:43 INFO]: ChatSpy was slain by Zombie
[16:59:52 INFO]: TestBot was slain by Zombie
[16:59:54 INFO]: ChatSpy was slain by Zombie
[17:00:03 INFO]: TestBot was slain by Zombie
[17:00:08 INFO]: ChatSpy was slain by Zombie
[17:00:15 INFO]: TestBot was slain by Zombie
[17:00:20 INFO]: ChatSpy was slain by Zombie
[17:00:31 INFO]: ChatSpy was slain by Zombie
[17:00:38 INFO]: TestBot was slain by Zombie
[17:00:40 INFO]: ChatSpy was slain by Zombie
[17:00:50 INFO]: TestBot was slain by Zombie
[17:00:51 INFO]: ChatSpy was slain by Zombie
[17:01:05 INFO]: TestBot was slain by Zombie
[17:01:45 INFO]: TestBot was slain by Slime
[17:02:06 INFO]: TestBot was slain by Slime
[17:02:37 INFO]: ChatSpy was slain by Slime
[17:02:43 INFO]: TestBot was slain by Slime
[17:02:55 INFO]: TestBot was slain by Slime
[17:03:03 INFO]: ChatSpy was slain by Slime
[17:03:11 INFO]: TestBot was slain by Slime
[17:03:27 INFO]: ChatSpy was slain by Slime
[17:03:41 INFO]: ChatSpy was slain by Slime
[17:03:52 INFO]: ChatSpy was slain by Slime
[17:04:06 INFO]: ChatSpy was slain by Slime
[17:04:08 INFO]: TestBot was slain by Slime
[17:04:30 INFO]: ChatSpy was slain by Slime
[17:04:41 INFO]: ChatSpy was slain by Slime
[17:04:49 INFO]: TestBot was slain by Slime
[17:04:58 INFO]: ChatSpy was slain by Slime
[17:05:08 INFO]: ChatSpy was slain by Slime
[17:05:11 INFO]: TestBot was slain by Slime
[17:05:24 INFO]: ChatSpy was slain by Slime
[17:05:37 INFO]: TestBot was slain by Slime
[17:05:39 INFO]: ChatSpy was slain by Slime
[17:05:53 INFO]: TestBot was slain by Slime
[17:06:34 INFO]: ChatSpy was slain by Slime
[17:06:49 INFO]: ChatSpy was slain by Slime
[17:06:51 INFO]: TestBot was slain by Slime
[17:07:18 INFO]: ChatSpy was slain by Slime
[17:07:24 INFO]: TestBot was slain by Slime
[17:07:34 INFO]: ChatSpy was slain by Slime
[17:07:50 INFO]: ChatSpy was slain by Slime
[17:07:54 INFO]: TestBot was slain by Slime
[17:08:09 INFO]: TestBot was slain by Slime
[17:08:21 INFO]: TestBot was slain by Slime
[17:08:30 INFO]: TestBot was slain by Slime
[17:08:41 INFO]: TestBot was slain by Slime
[17:08:51 INFO]: ChatSpy was slain by Slime
[17:08:52 INFO]: TestBot was slain by Slime
[17:09:02 INFO]: TestBot was slain by Slime
[17:09:05 INFO]: ChatSpy was slain by Slime
[17:09:12 INFO]: TestBot was slain by Slime
[17:09:19 INFO]: ChatSpy was slain by Slime
[17:09:34 INFO]: TestBot was slain by Slime
[17:09:44 INFO]: ChatSpy was slain by Slime
[17:09:48 INFO]: TestBot was slain by Slime
[17:09:58 INFO]: ChatSpy was slain by Slime
[17:10:13 INFO]: TestBot was slain by Slime
[17:10:14 INFO]: ChatSpy was slain by Slime
[17:10:23 INFO]: TestBot was slain by Slime
[17:10:27 INFO]: ChatSpy was slain by Slime
[17:10:29 WARN]: TestBot moved wrongly!
[17:10:30 WARN]: TestBot moved wrongly!
[17:10:30 WARN]: TestBot moved wrongly!
[17:10:31 WARN]: TestBot moved wrongly!
[17:10:32 INFO]: TestBot was slain by Slime
[17:10:41 INFO]: TestBot was slain by Slime
[17:10:50 INFO]: ChatSpy was slain by Slime
[17:10:53 INFO]: TestBot was slain by Slime
[17:11:02 INFO]: TestBot was slain by Slime
[17:11:03 INFO]: ChatSpy was slain by Slime
[17:11:15 INFO]: ChatSpy was slain by Slime
[17:11:15 INFO]: TestBot was slain by Slime
[17:11:33 INFO]: ChatSpy was slain by Slime
[17:11:34 INFO]: TestBot was slain by Slime
[17:11:43 INFO]: TestBot was slain by Slime
[17:11:51 INFO]: ChatSpy was slain by Slime
[17:11:58 INFO]: ChatSpy was slain by Slime
[17:12:00 INFO]: TestBot was slain by Slime
[17:12:10 INFO]: ChatSpy was slain by Slime
[17:12:23 INFO]: TestBot was slain by Slime
[17:12:34 INFO]: TestBot was slain by Slime
[17:12:45 INFO]: ChatSpy was slain by Slime
[17:12:47 INFO]: TestBot was slain by Slime
[17:12:53 INFO]: TestBot was slain by Slime
[17:13:00 INFO]: TestBot was slain by Zombie
[17:13:01 INFO]: ChatSpy was slain by Zombie
[17:13:10 INFO]: TestBot was slain by Zombie
[17:13:10 INFO]: ChatSpy was slain by Slime
[17:13:19 INFO]: ChatSpy was slain by Slime
[17:13:27 INFO]: ChatSpy was blown up by Creeper
[17:13:28 INFO]: TestBot was slain by Zombie
[17:13:36 INFO]: ChatSpy was slain by Zombie
[17:13:39 INFO]: TestBot was slain by Zombie
[17:13:46 INFO]: ChatSpy was slain by Slime
[17:13:49 INFO]: TestBot was slain by Zombie
[17:13:52 INFO]: ChatSpy was slain by Slime
[17:13:58 INFO]: ChatSpy was slain by Zombie
[17:13:58 INFO]: TestBot was slain by Slime
[17:14:06 INFO]: TestBot was slain by Slime
[17:14:13 INFO]: TestBot was slain by Zombie
[17:14:18 INFO]: ChatSpy was slain by Zombie
[17:14:23 INFO]: TestBot was slain by Zombie
[17:14:29 INFO]: ChatSpy was slain by Zombie
[17:14:30 INFO]: TestBot was slain by Zombie
[17:14:37 INFO]: TestBot was blown up by Creeper
[17:14:42 INFO]: ChatSpy was slain by Zombie
[17:14:46 INFO]: TestBot was slain by Slime
[17:14:52 INFO]: ChatSpy was slain by Zombie
[17:14:56 INFO]: TestBot was slain by Zombie
[17:15:03 INFO]: TestBot was slain by Zombie
[17:15:04 INFO]: ChatSpy was slain by Zombie
[17:15:15 INFO]: TestBot was slain by Zombie
[17:15:18 INFO]: ChatSpy was slain by Zombie
[17:15:23 INFO]: TestBot was slain by Zombie
[17:15:28 INFO]: ChatSpy was slain by Zombie
[17:15:29 INFO]: TestBot was slain by Zombie
[17:15:37 INFO]: TestBot was slain by Zombie
[17:15:40 INFO]: ChatSpy was slain by Zombie
[17:15:47 INFO]: TestBot was slain by Zombie
[17:15:52 INFO]: ChatSpy was slain by Zombie
[17:15:59 INFO]: TestBot was slain by Spider
[17:16:01 INFO]: ChatSpy was slain by Zombie
[17:16:08 INFO]: ChatSpy was slain by Slime
[17:16:13 INFO]: TestBot was slain by Zombie
[17:16:18 INFO]: ChatSpy was slain by Zombie
[17:16:23 INFO]: TestBot was slain by Zombie
[17:16:28 INFO]: ChatSpy was slain by Zombie
[17:16:30 INFO]: TestBot was slain by Zombie
[17:16:33 INFO]: ChatSpy was slain by Zombie
[17:16:41 INFO]: TestBot was slain by Zombie
[17:16:45 INFO]: ChatSpy was slain by Zombie
[17:16:49 INFO]: TestBot was slain by Zombie
[17:16:56 INFO]: TestBot was slain by Zombie
[17:16:58 INFO]: ChatSpy was slain by Zombie
[17:17:04 INFO]: TestBot was slain by Zombie
[17:17:06 INFO]: ChatSpy was slain by Slime
[17:17:09 INFO]: TestBot was slain by Zombie
[17:17:11 INFO]: ChatSpy was slain by Zombie
[17:17:15 INFO]: TestBot was slain by Slime
[17:17:18 INFO]: ChatSpy was slain by Zombie
[17:17:23 INFO]: TestBot was slain by Zombie
[17:17:31 INFO]: ChatSpy was slain by Zombie
[17:17:35 INFO]: TestBot was slain by Zombie
[17:17:36 INFO]: ChatSpy was slain by Zombie
[17:17:47 INFO]: TestBot was slain by Zombie
[17:17:49 INFO]: ChatSpy was slain by Zombie
[17:17:56 INFO]: ChatSpy was slain by Spider
[17:18:03 INFO]: TestBot was slain by Zombie
[17:18:03 INFO]: ChatSpy was slain by Zombie
[17:18:11 INFO]: TestBot was slain by Zombie
[17:18:14 INFO]: TestBot was blown up by Creeper
[17:18:16 INFO]: ChatSpy was slain by Zombie
[17:18:24 INFO]: ChatSpy was slain by Zombie Villager
[17:18:25 INFO]: TestBot was slain by Zombie
[17:18:31 INFO]: TestBot was slain by Zombie
[17:18:31 INFO]: ChatSpy was slain by Zombie
[17:18:38 INFO]: ChatSpy was slain by Slime
[17:18:39 INFO]: TestBot was shot by Skeleton
[17:18:45 INFO]: ChatSpy was slain by Zombie Villager
[17:18:54 INFO]: TestBot was slain by Zombie
[17:18:58 INFO]: ChatSpy was slain by Zombie
[17:19:03 INFO]: TestBot was slain by Zombie
[17:19:09 INFO]: ChatSpy was slain by Zombie
[17:19:13 INFO]: TestBot was slain by Zombie
[17:19:17 INFO]: ChatSpy was slain by Zombie
[17:19:22 INFO]: TestBot was slain by Zombie
[17:19:26 INFO]: ChatSpy was slain by Zombie
[17:19:27 INFO]: TestBot was blown up by Creeper
[17:19:41 INFO]: TestBot was slain by Zombie
[17:19:42 INFO]: ChatSpy was slain by Zombie
[17:19:50 INFO]: TestBot was slain by Zombie
[17:19:53 INFO]: ChatSpy was slain by Zombie
[17:19:57 INFO]: TestBot was slain by Spider
[17:20:15 INFO]: ChatSpy was slain by Zombie
[17:20:16 INFO]: TestBot was slain by Zombie
[17:20:22 INFO]: ChatSpy was blown up by Creeper
[17:20:30 INFO]: TestBot was slain by Zombie
[17:20:38 INFO]: ChatSpy was slain by Zombie
[17:20:43 INFO]: TestBot was slain by Zombie
[17:20:43 INFO]: ChatSpy was blown up by Creeper
[17:20:52 INFO]: TestBot was slain by Zombie
[17:20:58 INFO]: ChatSpy was slain by Zombie
[17:21:36 INFO]: ChatSpy was slain by Zombie
[17:21:49 INFO]: ChatSpy was blown up by Creeper
[17:21:52 INFO]: TestBot was blown up by Creeper
[17:22:22 INFO]: ChatSpy was shot by Skeleton
[17:22:49 INFO]: ChatSpy was shot by Skeleton
[17:23:13 INFO]: ChatSpy was shot by Skeleton
[17:23:49 INFO]: ChatSpy was slain by Slime
[17:23:58 INFO]: TestBot was slain by Slime
[17:24:16 INFO]: TestBot was slain by Slime
[17:24:25 INFO]: ChatSpy was shot by Skeleton
[17:24:40 INFO]: ChatSpy was slain by Slime
[17:25:02 INFO]: ChatSpy was shot by Skeleton
[17:25:14 INFO]: TestBot was slain by Slime
[17:26:12 INFO]: ChatSpy was slain by Spider
[17:26:18 INFO]: TestBot was shot by Skeleton
[17:27:24 INFO]: TestBot was shot by Skeleton
[17:27:55 INFO]: TestBot was slain by Slime
[17:28:10 INFO]: TestBot was slain by Slime
[17:28:23 INFO]: TestBot was slain by Slime
[17:28:36 INFO]: TestBot was slain by Slime
[17:28:49 INFO]: TestBot was slain by Slime
[17:29:03 INFO]: TestBot was slain by Slime
[17:29:16 INFO]: TestBot was slain by Slime
[17:29:57 INFO]: TestBot was slain by Slime
[17:30:04 INFO]: TestBot was slain by Slime
[17:30:12 INFO]: ChatSpy was shot by Skeleton
[17:30:35 INFO]: ChatSpy was slain by Slime
[17:30:39 INFO]: TestBot was slain by Slime
[17:30:47 INFO]: TestBot was slain by Slime
[17:30:52 INFO]: ChatSpy was slain by Slime
[17:31:04 INFO]: TestBot was slain by Slime
[17:31:39 INFO]: ChatSpy was slain by Slime
[17:31:45 INFO]: TestBot was slain by Slime
[17:31:51 INFO]: ChatSpy was slain by Slime
[17:32:03 INFO]: TestBot was slain by Slime
[17:32:13 INFO]: ChatSpy was slain by Slime
[17:32:38 INFO]: ChatSpy was slain by Slime
[17:32:53 INFO]: ChatSpy was slain by Zombie
[17:33:00 INFO]: ChatSpy was slain by Zombie
[17:33:07 INFO]: TestBot was shot by Skeleton
[17:33:11 INFO]: ChatSpy was slain by Slime
[17:33:21 INFO]: ChatSpy was slain by Zombie
[17:33:24 INFO]: TestBot was slain by Slime
[17:33:33 INFO]: TestBot was slain by Zombie
[17:33:34 INFO]: ChatSpy was slain by Zombie
[17:33:42 INFO]: ChatSpy was slain by Zombie
[17:33:44 INFO]: TestBot was slain by Zombie
[17:33:51 INFO]: ChatSpy was slain by Zombie
[17:33:53 INFO]: TestBot was slain by Zombie
[17:34:02 INFO]: TestBot was slain by Spider
[17:34:05 INFO]: ChatSpy was slain by Zombie
[17:34:13 INFO]: ChatSpy was slain by Zombie
[17:34:16 INFO]: TestBot was slain by Zombie
[17:34:19 INFO]: ChatSpy was slain by Spider
[17:34:24 INFO]: TestBot was slain by Spider
[17:34:29 INFO]: ChatSpy was slain by Zombie
[17:34:35 INFO]: TestBot was slain by Zombie
[17:34:37 INFO]: ChatSpy was slain by Zombie
[17:34:44 INFO]: TestBot was slain by Zombie
[17:34:45 INFO]: ChatSpy was slain by Zombie
[17:34:54 INFO]: ChatSpy was slain by Spider
[17:34:54 INFO]: TestBot was slain by Zombie
[17:35:02 INFO]: ChatSpy was slain by Zombie
[17:35:06 INFO]: TestBot was slain by Zombie
[17:35:12 INFO]: TestBot was slain by Zombie
[17:35:16 INFO]: ChatSpy was shot by Skeleton
[17:35:21 INFO]: TestBot was slain by Zombie
[17:35:26 INFO]: ChatSpy was slain by Zombie
[17:35:29 INFO]: TestBot was slain by Zombie
[17:35:33 INFO]: ChatSpy was slain by Zombie
[17:35:40 INFO]: TestBot was slain by Zombie
[17:35:42 INFO]: ChatSpy was slain by Slime
[17:35:44 INFO]: TestBot was slain by Zombie
[17:35:48 INFO]: ChatSpy was slain by Zombie
[17:35:54 INFO]: TestBot was slain by Spider
[17:36:03 INFO]: ChatSpy was slain by Slime
[17:36:08 INFO]: TestBot was slain by Zombie
[17:36:15 INFO]: ChatSpy was slain by Zombie
[17:36:16 INFO]: TestBot was slain by Zombie
[17:36:24 INFO]: ChatSpy was slain by Zombie
[17:36:27 INFO]: TestBot was slain by Slime
[17:36:37 INFO]: ChatSpy was slain by Spider
[17:36:38 INFO]: TestBot was slain by Slime
[17:36:46 INFO]: ChatSpy was slain by Spider
[17:36:52 INFO]: TestBot was slain by Slime
[17:36:59 INFO]: ChatSpy was slain by Zombie
[17:37:02 INFO]: TestBot was slain by Slime
[17:37:12 INFO]: TestBot was slain by Zombie Villager
[17:37:12 INFO]: ChatSpy was blown up by Creeper
[17:37:18 INFO]: TestBot was slain by Zombie
[17:37:23 INFO]: ChatSpy was blown up by Creeper
[17:37:28 INFO]: TestBot was slain by Zombie
[17:37:39 INFO]: ChatSpy was blown up by Creeper
[17:37:41 INFO]: TestBot was slain by Zombie
[17:37:45 INFO]: ChatSpy was blown up by Creeper
[17:37:49 INFO]: TestBot was slain by Zombie
[17:37:58 INFO]: TestBot was slain by Zombie Villager
[17:38:06 INFO]: ChatSpy was slain by Zombie
[17:38:10 INFO]: TestBot was slain by Zombie
[17:38:18 INFO]: ChatSpy was slain by Spider
[17:38:20 INFO]: TestBot was slain by Zombie
[17:38:33 INFO]: ChatSpy was slain by Zombie
[17:38:40 INFO]: TestBot was shot by Skeleton
[17:38:46 INFO]: ChatSpy was slain by Zombie
[17:38:51 INFO]: TestBot was blown up by Creeper
[17:39:02 INFO]: ChatSpy was slain by Zombie
[17:39:11 INFO]: TestBot was slain by Zombie
[17:39:15 INFO]: ChatSpy was slain by Spider
[17:39:25 INFO]: TestBot was slain by Zombie
[17:39:30 INFO]: ChatSpy was slain by Zombie
[17:39:33 INFO]: TestBot was slain by Zombie
[17:39:45 INFO]: TestBot was slain by Spider
[17:39:46 INFO]: ChatSpy was slain by Zombie
[17:39:56 INFO]: TestBot was slain by Spider
[17:39:58 INFO]: ChatSpy was slain by Zombie
[17:40:04 INFO]: TestBot was blown up by Creeper
[17:40:09 INFO]: ChatSpy was slain by Zombie
[17:40:14 INFO]: TestBot was slain by Zombie
[17:40:21 INFO]: TestBot was blown up by Creeper
[17:40:21 INFO]: ChatSpy was slain by Zombie
[17:40:28 INFO]: ChatSpy was slain by Zombie
[17:40:36 INFO]: TestBot was slain by Spider
[17:40:43 INFO]: ChatSpy was slain by Zombie
[17:40:46 INFO]: TestBot was slain by Zombie
[17:40:51 INFO]: ChatSpy was slain by Zombie
[17:40:56 INFO]: TestBot was slain by Spider
[17:41:00 INFO]: ChatSpy was slain by Zombie
[17:41:08 INFO]: TestBot was slain by Spider
[17:41:15 INFO]: ChatSpy was slain by Zombie
[17:41:24 INFO]: TestBot was slain by Zombie
[17:44:33 INFO]: ChatSpy was slain by Slime
[17:44:45 INFO]: ChatSpy was slain by Slime
[17:45:03 INFO]: ChatSpy was slain by Slime
[17:45:12 INFO]: ChatSpy was slain by Slime
[17:45:46 INFO]: TestBot was slain by Slime
[17:45:56 INFO]: ChatSpy was slain by Slime
[17:46:08 INFO]: ChatSpy was slain by Slime
[17:46:20 INFO]: TestBot was slain by Slime
[17:46:28 INFO]: ChatSpy was slain by Slime
[17:46:40 INFO]: TestBot was slain by Slime
[17:46:56 INFO]: TestBot was slain by Slime
[17:47:02 INFO]: ChatSpy was slain by Slime
[17:47:17 INFO]: TestBot was slain by Slime
[17:47:29 INFO]: TestBot was slain by Slime
[17:47:39 INFO]: TestBot was slain by Slime
[17:47:46 WARN]: TestBot moved wrongly!
[17:47:46 INFO]: ChatSpy was slain by Slime
[17:47:46 INFO]: TestBot was slain by Slime
[17:47:56 INFO]: ChatSpy was slain by Slime
[17:47:57 INFO]: TestBot was slain by Slime
[17:48:02 INFO]: ChatSpy was slain by Slime
[17:48:14 INFO]: ChatSpy was slain by Slime
[17:48:24 INFO]: TestBot was slain by Slime
[17:48:25 INFO]: ChatSpy was slain by Slime
[17:48:36 INFO]: ChatSpy was slain by Slime
[17:48:37 INFO]: TestBot was slain by Slime
[17:48:50 INFO]: TestBot was slain by Slime
[17:48:53 INFO]: ChatSpy was slain by Slime
[17:48:59 INFO]: TestBot was slain by Slime
[17:49:11 INFO]: ChatSpy was slain by Slime
[17:49:12 INFO]: TestBot was slain by Slime
[17:49:23 INFO]: TestBot was slain by Slime
[17:49:24 INFO]: ChatSpy was slain by Slime
[17:49:39 INFO]: TestBot was slain by Slime
[17:49:40 INFO]: ChatSpy was slain by Slime
[17:49:46 INFO]: ChatSpy was slain by Slime
[17:49:58 INFO]: ChatSpy was slain by Slime
[17:50:02 INFO]: ChatSpy was slain by Slime
[17:50:12 INFO]: ChatSpy was slain by Slime
[17:50:24 INFO]: ChatSpy was slain by Slime
[17:50:36 INFO]: TestBot was slain by Slime
[17:50:46 INFO]: ChatSpy was slain by Slime
[17:50:57 WARN]: TestBot moved wrongly!
[17:50:58 WARN]: TestBot moved wrongly!
[17:50:58 WARN]: TestBot moved wrongly!
[17:50:59 WARN]: TestBot moved wrongly!
[17:50:59 WARN]: TestBot moved wrongly!
[17:51:00 WARN]: TestBot moved wrongly!
[17:51:00 WARN]: TestBot moved wrongly!
[17:51:03 INFO]: TestBot was slain by Slime
[17:51:04 INFO]: ChatSpy was slain by Slime
[17:51:11 INFO]: ChatSpy was slain by Slime
[17:51:23 INFO]: ChatSpy was slain by Slime
[17:51:23 INFO]: TestBot was slain by Slime
[17:51:35 INFO]: ChatSpy was slain by Slime
[17:51:37 INFO]: TestBot was slain by Slime
[17:51:51 INFO]: TestBot was slain by Slime
[17:52:04 INFO]: TestBot was slain by Slime
[17:52:14 INFO]: ChatSpy was slain by Slime
[17:52:14 INFO]: TestBot was slain by Slime
[17:52:26 INFO]: ChatSpy was slain by Slime
[17:52:27 INFO]: TestBot was slain by Slime
[17:52:38 INFO]: ChatSpy was slain by Zombie
[17:52:48 INFO]: TestBot was slain by Slime
[17:52:49 INFO]: ChatSpy was slain by Slime
[17:52:58 INFO]: ChatSpy was slain by Slime
[17:53:00 INFO]: TestBot was slain by Slime
[17:53:03 INFO]: ChatSpy was slain by Zombie
[17:53:11 INFO]: TestBot was slain by Zombie
[17:53:13 INFO]: ChatSpy was slain by Zombie
[17:53:21 INFO]: TestBot was slain by Slime
[17:53:23 INFO]: ChatSpy was slain by Zombie
[17:53:34 INFO]: TestBot was slain by Zombie
[17:53:35 INFO]: ChatSpy was slain by Zombie
[17:53:43 INFO]: ChatSpy was blown up by Creeper
[17:53:45 INFO]: TestBot was slain by Zombie
[17:53:54 INFO]: ChatSpy was slain by Zombie
[17:54:00 INFO]: TestBot was slain by Slime
[17:54:08 INFO]: TestBot was slain by Zombie
[17:54:11 INFO]: ChatSpy was slain by Zombie
[17:54:17 INFO]: TestBot was slain by Spider
[17:54:21 INFO]: ChatSpy was slain by Zombie
[17:54:27 INFO]: TestBot was slain by Zombie
[17:54:35 INFO]: ChatSpy was slain by Zombie
[17:54:40 INFO]: TestBot was blown up by Creeper
[17:54:46 INFO]: ChatSpy was slain by Zombie
[17:54:56 INFO]: ChatSpy was slain by Slime
[17:54:57 INFO]: TestBot was slain by Zombie
[17:55:00 INFO]: ChatSpy was slain by Slime
[17:55:08 INFO]: TestBot was shot by Skeleton
[17:55:11 INFO]: ChatSpy was slain by Slime
[17:55:18 INFO]: TestBot was slain by Slime
[17:55:25 INFO]: ChatSpy was shot by Skeleton
[17:55:34 INFO]: ChatSpy was slain by Zombie
[17:55:36 INFO]: TestBot was slain by Zombie
[17:55:42 INFO]: ChatSpy was slain by Slime
[17:55:46 INFO]: TestBot was slain by Zombie
[17:55:49 INFO]: ChatSpy was slain by Slime
[17:55:54 INFO]: TestBot was slain by Slime
[17:56:01 INFO]: ChatSpy was slain by Zombie
[17:56:06 INFO]: TestBot was slain by Zombie
[17:56:07 INFO]: ChatSpy was slain by Zombie
[17:56:15 INFO]: TestBot was slain by Zombie
[17:56:23 INFO]: TestBot was slain by Zombie
[17:56:25 INFO]: ChatSpy was slain by Zombie
[17:56:29 INFO]: TestBot was slain by Zombie
[17:56:34 INFO]: TestBot was slain by Zombie
[17:56:36 INFO]: ChatSpy was blown up by Creeper
[17:56:41 INFO]: TestBot was slain by Zombie
[17:56:46 INFO]: TestBot was slain by Slime
[17:56:50 INFO]: TestBot was slain by Zombie
[17:56:51 INFO]: ChatSpy was slain by Slime
[17:56:57 INFO]: TestBot was slain by Zombie
[17:57:04 INFO]: ChatSpy was slain by Slime
[17:57:06 INFO]: TestBot was slain by Zombie
[17:57:14 INFO]: ChatSpy was slain by Zombie
[17:57:17 INFO]: TestBot was slain by Zombie
[17:57:25 INFO]: TestBot was slain by Zombie
[17:57:29 INFO]: ChatSpy was slain by Slime
[17:57:33 INFO]: TestBot was slain by Zombie
[17:57:39 INFO]: TestBot was shot by Skeleton
[17:57:40 INFO]: ChatSpy was slain by Spider
[17:57:46 INFO]: TestBot was slain by Zombie
[17:57:52 INFO]: ChatSpy was slain by Zombie
[17:57:57 INFO]: ChatSpy was slain by Zombie
[17:58:03 INFO]: TestBot was slain by Zombie
[17:58:06 INFO]: ChatSpy was slain by Zombie
[17:58:10 INFO]: TestBot was slain by Spider
[17:58:20 INFO]: TestBot was slain by Spider
[17:58:20 INFO]: ChatSpy was slain by Zombie
[17:58:27 INFO]: ChatSpy was slain by Zombie
[17:58:27 INFO]: TestBot was slain by Spider
[17:58:32 INFO]: ChatSpy was slain by Zombie
[17:58:35 INFO]: ChatSpy was slain by Zombie
[17:58:36 INFO]: TestBot was slain by Zombie
[17:58:42 INFO]: ChatSpy was slain by Zombie
[17:58:46 INFO]: TestBot was slain by Spider
[17:58:49 INFO]: ChatSpy was slain by Zombie
[17:58:53 INFO]: ChatSpy was slain by Zombie
[17:58:57 INFO]: TestBot was slain by Zombie
[17:59:04 INFO]: ChatSpy was slain by Zombie
[17:59:11 INFO]: TestBot was slain by Zombie
[17:59:19 INFO]: ChatSpy was slain by Spider
[17:59:20 INFO]: TestBot was blown up by Creeper
[17:59:31 INFO]: ChatSpy was slain by Zombie
[17:59:32 INFO]: TestBot was slain by Spider
[17:59:38 INFO]: TestBot was slain by Zombie
[17:59:42 INFO]: ChatSpy was slain by Zombie
[17:59:48 INFO]: TestBot was slain by Zombie
[17:59:53 INFO]: ChatSpy was slain by Zombie
[17:59:55 INFO]: TestBot was slain by Zombie
[18:00:05 INFO]: ChatSpy was slain by Zombie
[18:00:05 INFO]: TestBot was slain by Zombie
[18:00:15 INFO]: TestBot was slain by Spider
[18:00:23 INFO]: ChatSpy was slain by Zombie
[18:00:25 INFO]: TestBot was blown up by Creeper
[18:00:34 INFO]: ChatSpy was slain by Zombie
[18:00:40 INFO]: TestBot was slain by Zombie
[18:00:49 INFO]: TestBot was slain by Zombie
[18:00:50 INFO]: ChatSpy was slain by Zombie
[18:01:04 INFO]: TestBot was slain by Zombie
[18:01:04 INFO]: ChatSpy was slain by Zombie
[18:01:21 INFO]: TestBot was slain by Slime
[18:01:24 INFO]: ChatSpy was slain by Zombie
[18:02:06 INFO]: ChatSpy was slain by Slime
[18:02:35 INFO]: TestBot was slain by Slime
[18:03:23 INFO]: TestBot was slain by Slime
[18:03:36 INFO]: ChatSpy was slain by Slime
[18:03:41 INFO]: TestBot was slain by Slime
[18:04:01 INFO]: TestBot was slain by Slime
[18:04:10 INFO]: ChatSpy was slain by Slime
[18:04:15 INFO]: TestBot was slain by Slime
[18:04:27 INFO]: TestBot was slain by Slime
[18:04:40 INFO]: TestBot was slain by Slime
[18:04:44 INFO]: ChatSpy was slain by Slime
[18:04:52 INFO]: TestBot was slain by Slime
[18:05:05 INFO]: TestBot was slain by Slime
[18:05:18 INFO]: ChatSpy was slain by Slime
[18:05:32 INFO]: ChatSpy was slain by Slime
[18:05:54 INFO]: ChatSpy was slain by Slime
[18:06:16 INFO]: ChatSpy was slain by Slime
[18:06:29 INFO]: ChatSpy was slain by Slime
[18:06:42 INFO]: TestBot was slain by Slime
[18:07:00 INFO]: TestBot was slain by Slime
[18:07:11 INFO]: TestBot was slain by Slime
[18:07:21 INFO]: ChatSpy was slain by Slime
[18:07:23 INFO]: TestBot was slain by Slime
[18:07:31 INFO]: TestBot was slain by Slime
[18:08:57 INFO]: ChatSpy was slain by Slime
[18:09:02 INFO]: TestBot was slain by Slime
[18:09:06 INFO]: ChatSpy was slain by Slime
[18:09:17 INFO]: TestBot was slain by Slime
[18:09:23 INFO]: ChatSpy was slain by Slime
[18:09:33 INFO]: TestBot was slain by Slime
[18:09:43 INFO]: TestBot was slain by Slime
[18:09:48 INFO]: ChatSpy was slain by Slime
[18:09:54 INFO]: TestBot was slain by Slime
[18:10:03 INFO]: ChatSpy was slain by Slime
[18:10:03 INFO]: TestBot was slain by Slime
[18:10:07 INFO]: TestBot was slain by Slime
[18:10:16 INFO]: ChatSpy was slain by Slime
[18:10:24 INFO]: ChatSpy was slain by Slime
[18:10:33 INFO]: TestBot was slain by Slime
[18:10:49 INFO]: TestBot was slain by Slime
[18:10:52 INFO]: ChatSpy was slain by Slime
[18:11:11 INFO]: ChatSpy was slain by Slime
[18:11:18 INFO]: TestBot was slain by Slime
[18:11:29 INFO]: TestBot was slain by Slime
[18:11:35 INFO]: ChatSpy was slain by Slime
[18:11:50 INFO]: TestBot was slain by Slime
[18:11:54 INFO]: ChatSpy was slain by Slime
[18:12:08 INFO]: TestBot was slain by Slime
[18:12:09 INFO]: ChatSpy was slain by Slime
[18:12:23 INFO]: ChatSpy was slain by Slime
[18:12:24 INFO]: TestBot was slain by Slime
[18:12:42 INFO]: TestBot was slain by Slime
[18:12:52 INFO]: TestBot was slain by Slime
[18:12:56 INFO]: ChatSpy was slain by Slime
[18:12:59 INFO]: ChatSpy was blown up by Creeper
[18:13:06 INFO]: TestBot was slain by Slime
[18:13:16 INFO]: ChatSpy was slain by Zombie
[18:13:16 INFO]: TestBot was slain by Slime
[18:13:23 INFO]: TestBot was slain by Zombie
[18:13:28 INFO]: ChatSpy was slain by Zombie
[18:13:32 INFO]: TestBot was slain by Zombie
[18:13:40 INFO]: TestBot was slain by Slime
[18:13:45 INFO]: ChatSpy was slain by Zombie
[18:13:48 INFO]: TestBot was slain by Zombie
[18:13:54 INFO]: TestBot was slain by Zombie
[18:13:59 INFO]: ChatSpy was slain by Slime
[18:14:00 INFO]: TestBot was slain by Zombie
[18:14:07 INFO]: ChatSpy was slain by Slime
[18:14:10 INFO]: TestBot was slain by Slime
[18:14:20 INFO]: TestBot was slain by Zombie
[18:14:22 INFO]: ChatSpy was slain by Zombie
[18:14:26 INFO]: TestBot was slain by Zombie
[18:14:28 INFO]: ChatSpy was slain by Slime
[18:14:35 INFO]: ChatSpy was slain by Slime
[18:14:35 INFO]: TestBot was slain by Slime
[18:14:40 INFO]: TestBot was slain by Slime
[18:14:48 INFO]: TestBot was slain by Zombie
[18:14:52 INFO]: ChatSpy was slain by Zombie
[18:14:54 INFO]: TestBot was slain by Zombie
[18:14:59 INFO]: ChatSpy was slain by Zombie
[18:15:00 INFO]: TestBot was slain by Zombie
[18:15:05 INFO]: ChatSpy was slain by Zombie
[18:15:07 INFO]: TestBot was slain by Spider
[18:15:12 INFO]: ChatSpy was slain by Zombie
[18:15:12 INFO]: TestBot was slain by Slime
[18:15:17 INFO]: TestBot was slain by Zombie
[18:15:21 INFO]: ChatSpy was slain by Spider
[18:15:27 INFO]: TestBot was blown up by Creeper
[18:15:31 INFO]: ChatSpy was slain by Spider
[18:15:37 INFO]: TestBot was slain by Zombie
[18:15:46 INFO]: ChatSpy was slain by Zombie
[18:15:47 INFO]: TestBot was slain by Spider
[18:15:53 INFO]: ChatSpy was slain by Slime
[18:16:00 INFO]: TestBot was slain by Slime
[18:16:02 INFO]: ChatSpy was slain by Zombie
[18:16:07 INFO]: TestBot was slain by Zombie
[18:16:14 INFO]: TestBot was slain by Zombie
[18:16:18 INFO]: ChatSpy was slain by Zombie
[18:16:26 INFO]: TestBot was slain by Spider
[18:16:26 INFO]: ChatSpy was slain by Zombie
[18:16:34 INFO]: TestBot was slain by Zombie
[18:16:37 INFO]: ChatSpy was slain by Zombie
[18:16:44 INFO]: TestBot was slain by Zombie
[18:16:45 INFO]: ChatSpy was slain by Zombie
[18:16:51 INFO]: TestBot was slain by Slime
[18:16:55 INFO]: ChatSpy was slain by Zombie
[18:17:01 INFO]: TestBot was slain by Spider
[18:17:04 INFO]: ChatSpy was slain by Slime
[18:17:12 INFO]: TestBot was slain by Slime
[18:17:14 INFO]: ChatSpy was slain by Zombie
[18:17:20 INFO]: TestBot was slain by Zombie
[18:17:23 INFO]: ChatSpy was slain by Slime
[18:17:25 INFO]: TestBot was slain by Slime
[18:17:28 INFO]: ChatSpy was blown up by Creeper
[18:17:35 INFO]: TestBot was slain by Spider
[18:17:39 INFO]: ChatSpy was slain by Zombie
[18:17:45 INFO]: TestBot was slain by Zombie
[18:17:50 INFO]: ChatSpy was slain by Zombie
[18:17:54 INFO]: TestBot was slain by Spider
[18:18:01 INFO]: ChatSpy was slain by Zombie
[18:18:02 INFO]: TestBot was slain by Zombie
[18:18:12 INFO]: TestBot was slain by Spider
[18:18:13 INFO]: ChatSpy was blown up by Creeper
[18:18:23 INFO]: ChatSpy was slain by Zombie
[18:18:23 INFO]: TestBot was slain by Zombie
[18:18:31 INFO]: ChatSpy was slain by Zombie
[18:18:40 INFO]: TestBot was slain by Zombie
[18:18:43 INFO]: ChatSpy was slain by Zombie
[18:18:51 INFO]: ChatSpy was slain by Zombie
[18:18:54 INFO]: TestBot was slain by Spider
[18:19:02 INFO]: ChatSpy was slain by Zombie
[18:19:05 INFO]: TestBot was slain by Slime
[18:19:09 INFO]: ChatSpy was shot by Skeleton
[18:19:14 INFO]: TestBot was slain by Zombie
[18:19:19 INFO]: ChatSpy was slain by Zombie
[18:19:28 INFO]: TestBot was slain by Zombie
[18:19:32 INFO]: ChatSpy was slain by Zombie
[18:19:39 INFO]: TestBot was slain by Slime
[18:19:39 INFO]: ChatSpy was slain by Zombie
[18:19:48 INFO]: ChatSpy was slain by Zombie
[18:19:49 INFO]: TestBot was slain by Zombie
[18:19:57 INFO]: ChatSpy was slain by Zombie
[18:19:59 INFO]: TestBot was slain by Zombie
[18:20:13 INFO]: TestBot was slain by Zombie
[18:20:16 INFO]: ChatSpy was slain by Zombie
[18:20:20 INFO]: TestBot was slain by Zombie
[18:20:34 INFO]: ChatSpy was slain by Zombie
[18:20:38 INFO]: TestBot was slain by Zombie
[18:20:46 INFO]: TestBot was slain by Zombie
[18:20:48 INFO]: ChatSpy was slain by Spider
[18:20:56 INFO]: ChatSpy was slain by Spider
[18:20:59 INFO]: TestBot was slain by Zombie
[18:21:03 INFO]: ChatSpy was slain by Zombie Villager
[18:21:12 INFO]: ChatSpy was slain by Zombie Villager
[18:21:40 INFO]: ChatSpy was blown up by Creeper
[18:22:12 INFO]: ChatSpy was slain by Slime
[18:22:43 INFO]: TestBot was slain by Slime
[18:22:53 INFO]: ChatSpy was slain by Slime
[18:23:12 INFO]: TestBot was slain by Slime
[18:23:36 INFO]: ChatSpy was slain by Slime
[18:23:46 INFO]: TestBot was slain by Slime
[18:24:19 INFO]: TestBot was slain by Slime
[18:24:39 INFO]: ChatSpy was slain by Slime
[18:25:12 INFO]: TestBot was slain by Slime
[18:25:39 INFO]: TestBot was slain by Slime
[18:25:56 INFO]: ChatSpy was slain by Slime
[18:26:08 INFO]: ChatSpy was slain by Slime
[18:26:14 INFO]: TestBot was slain by Slime
[18:26:20 INFO]: ChatSpy was slain by Slime
[18:26:50 INFO]: TestBot was slain by Slime
[18:27:07 INFO]: TestBot was slain by Slime
[18:27:14 INFO]: TestBot was slain by Slime
[18:27:18 INFO]: ChatSpy was slain by Slime
[18:27:37 INFO]: TestBot was slain by Slime
[18:27:45 INFO]: ChatSpy was slain by Slime
[18:27:51 INFO]: ChatSpy was slain by Slime
[18:27:56 INFO]: TestBot was slain by Slime
[18:28:02 INFO]: ChatSpy was slain by Slime
[18:28:04 INFO]: TestBot was slain by Slime
[18:28:13 INFO]: TestBot was slain by Slime
[18:28:27 INFO]: TestBot was slain by Slime
[18:28:29 INFO]: ChatSpy was slain by Slime
[18:28:40 INFO]: ChatSpy was slain by Slime
[18:28:52 INFO]: TestBot was slain by Slime
[18:29:04 INFO]: ChatSpy was slain by Slime
[18:29:08 INFO]: TestBot was slain by Slime
[18:29:19 INFO]: ChatSpy was slain by Slime
[18:29:24 INFO]: TestBot was slain by Slime
[18:29:31 INFO]: ChatSpy was slain by Slime
[18:29:32 INFO]: TestBot was slain by Slime
[18:29:38 INFO]: TestBot was slain by Slime
[18:29:45 INFO]: TestBot was slain by Slime
[18:29:52 INFO]: ChatSpy was slain by Slime
[18:30:00 INFO]: TestBot was slain by Slime
[18:30:09 INFO]: TestBot was slain by Slime
[18:30:13 INFO]: ChatSpy was slain by Slime
[18:30:14 INFO]: TestBot was slain by Slime
[18:30:28 INFO]: ChatSpy was slain by Slime
[18:30:35 INFO]: TestBot was slain by Slime
[18:30:43 INFO]: ChatSpy was slain by Slime
[18:30:45 INFO]: TestBot was slain by Slime
[18:30:51 INFO]: TestBot was slain by Slime
[18:30:55 INFO]: ChatSpy was slain by Slime
[18:31:08 INFO]: ChatSpy was slain by Slime
[18:31:09 INFO]: TestBot was slain by Slime
[18:31:20 INFO]: ChatSpy was slain by Slime
[18:31:33 INFO]: ChatSpy was slain by Slime
[18:31:39 INFO]: TestBot was slain by Slime
[18:31:40 INFO]: ChatSpy was slain by Slime
[18:31:46 INFO]: TestBot was slain by Slime
[18:31:51 INFO]: ChatSpy was slain by Slime
[18:31:54 INFO]: TestBot was slain by Slime
[18:32:01 INFO]: ChatSpy was slain by Slime
[18:32:06 INFO]: ChatSpy was slain by Slime
[18:32:18 INFO]: ChatSpy was slain by Slime
[18:32:28 INFO]: TestBot was slain by Slime
[18:32:33 INFO]: ChatSpy was slain by Slime
[18:32:43 INFO]: TestBot was slain by Slime
[18:32:51 INFO]: ChatSpy was slain by Slime
[18:32:53 INFO]: TestBot was slain by Slime
[18:32:59 INFO]: ChatSpy was slain by Slime
[18:32:59 INFO]: TestBot was slain by Slime
[18:33:08 INFO]: TestBot was slain by Slime
[18:33:10 INFO]: ChatSpy was slain by Slime
[18:33:18 INFO]: TestBot was shot by Skeleton
[18:33:19 INFO]: ChatSpy was slain by Slime
[18:33:27 INFO]: TestBot was slain by Zombie
[18:33:31 INFO]: ChatSpy was slain by Zombie
[18:33:37 INFO]: TestBot was slain by Zombie
[18:33:39 INFO]: ChatSpy was slain by Slime
[18:33:43 INFO]: ChatSpy was slain by Slime
[18:33:47 INFO]: ChatSpy was slain by Slime
[18:33:53 INFO]: TestBot was slain by Zombie
[18:33:55 INFO]: ChatSpy was slain by Zombie
[18:34:03 INFO]: TestBot was slain by Zombie
[18:34:08 INFO]: ChatSpy was slain by Zombie
[18:34:16 INFO]: TestBot was blown up by Creeper
[18:34:20 INFO]: ChatSpy was slain by Spider
[18:34:27 INFO]: ChatSpy was slain by Zombie
[18:34:35 INFO]: TestBot was slain by Zombie
[18:34:40 INFO]: ChatSpy was slain by Slime
[18:34:42 INFO]: TestBot was slain by Slime
[18:34:49 INFO]: ChatSpy was slain by Zombie
[18:34:59 INFO]: TestBot was slain by Spider
[18:35:00 INFO]: ChatSpy was slain by Spider
[18:35:13 INFO]: ChatSpy was slain by Zombie
[18:35:13 INFO]: TestBot was slain by Slime
[18:35:21 INFO]: TestBot was slain by Slime
[18:35:23 INFO]: ChatSpy was slain by Slime
[18:35:28 INFO]: ChatSpy was slain by Slime
[18:35:31 INFO]: TestBot was slain by Spider
[18:35:38 INFO]: ChatSpy was slain by Slime
[18:35:44 INFO]: TestBot was slain by Zombie
[18:35:51 INFO]: ChatSpy was slain by Zombie
[18:35:59 INFO]: ChatSpy was slain by Zombie
[18:36:02 INFO]: TestBot was slain by Zombie
[18:36:06 INFO]: ChatSpy was slain by Zombie
[18:36:13 INFO]: ChatSpy was slain by Slime
[18:36:17 INFO]: TestBot was blown up by Creeper
[18:36:20 INFO]: ChatSpy was slain by Spider
[18:36:29 INFO]: ChatSpy was slain by Slime
[18:36:36 INFO]: TestBot was slain by Zombie
[18:36:47 INFO]: ChatSpy was slain by Zombie
[18:36:50 INFO]: TestBot was slain by Slime
[18:36:59 INFO]: ChatSpy was slain by Zombie
[18:37:01 INFO]: TestBot was slain by Zombie
[18:37:06 INFO]: ChatSpy was slain by Zombie
[18:37:09 INFO]: TestBot was shot by Skeleton
[18:37:17 INFO]: TestBot was slain by Zombie
[18:37:18 INFO]: ChatSpy was slain by Spider
[18:37:27 INFO]: TestBot was slain by Zombie
[18:37:29 INFO]: ChatSpy was slain by Spider
[18:37:33 INFO]: TestBot was slain by Zombie
[18:37:37 INFO]: TestBot was slain by Slime
[18:37:39 INFO]: ChatSpy was slain by Spider
[18:37:45 INFO]: TestBot was slain by Zombie
[18:37:49 INFO]: ChatSpy was slain by Slime
[18:37:53 INFO]: TestBot was slain by Zombie
[18:37:57 INFO]: ChatSpy was slain by Zombie
[18:37:59 INFO]: TestBot was blown up by Creeper
[18:38:11 INFO]: ChatSpy was slain by Zombie
[18:38:17 INFO]: TestBot was slain by Zombie
[18:38:17 INFO]: ChatSpy was slain by Zombie
[18:38:26 INFO]: ChatSpy was slain by Zombie
[18:38:29 INFO]: TestBot was slain by Zombie
[18:38:31 INFO]: ChatSpy was blown up by Creeper
[18:38:38 INFO]: TestBot was slain by Zombie
[18:38:39 INFO]: ChatSpy was slain by Zombie
[18:38:45 INFO]: TestBot was slain by Zombie
[18:38:47 INFO]: ChatSpy was slain by Zombie
[18:38:50 INFO]: TestBot was slain by Spider
[18:38:56 INFO]: TestBot was slain by Spider
[18:39:02 INFO]: ChatSpy was slain by Zombie
[18:39:08 INFO]: TestBot was slain by Spider
[18:39:09 INFO]: ChatSpy was slain by Zombie
[18:39:15 INFO]: TestBot was slain by Zombie
[18:39:17 INFO]: ChatSpy was slain by Zombie
[18:39:25 INFO]: TestBot was slain by Slime
[18:39:26 INFO]: ChatSpy was slain by Spider
[18:39:34 INFO]: ChatSpy was slain by Zombie
[18:39:36 INFO]: TestBot was slain by Zombie
[18:39:44 INFO]: TestBot was blown up by Creeper
[18:39:44 INFO]: ChatSpy was blown up by Creeper
[18:39:49 INFO]: ChatSpy was slain by Spider
[18:39:54 INFO]: TestBot was slain by Zombie
[18:39:58 INFO]: TestBot was slain by Zombie
[18:40:01 INFO]: ChatSpy was slain by Zombie
[18:40:05 INFO]: TestBot was slain by Zombie
[18:40:10 INFO]: ChatSpy was slain by Spider
[18:40:20 INFO]: ChatSpy was slain by Zombie
[18:40:21 INFO]: TestBot was slain by Zombie
[18:40:30 INFO]: TestBot was blown up by Creeper
[18:40:32 INFO]: ChatSpy was slain by Zombie
[18:40:42 INFO]: ChatSpy was slain by Zombie
[18:40:56 INFO]: ChatSpy was shot by Skeleton
[18:40:56 INFO]: TestBot was slain by Zombie
[18:41:03 INFO]: TestBot was shot by Skeleton
[18:41:12 INFO]: ChatSpy was slain by Zombie
[18:41:24 INFO]: ChatSpy was slain by Zombie
[18:41:38 INFO]: ChatSpy was killed by Witch using magic
[18:41:59 INFO]: ChatSpy was killed by Witch using magic
[18:42:39 INFO]: TestBot was slain by Slime
[18:42:48 INFO]: TestBot was slain by Slime
[18:43:00 INFO]: TestBot was slain by Slime
[18:44:30 INFO]: ChatSpy was slain by Slime
[18:45:11 INFO]: ChatSpy was slain by Slime
[18:45:17 INFO]: TestBot was slain by Slime
[18:45:31 INFO]: ChatSpy was slain by Slime
[18:45:46 INFO]: TestBot was slain by Slime
[18:46:11 INFO]: TestBot was slain by Slime
[18:46:18 INFO]: ChatSpy was slain by Slime
[18:46:30 INFO]: ChatSpy was slain by Slime
[18:46:45 INFO]: ChatSpy was slain by Slime
[18:46:52 INFO]: TestBot was slain by Slime
[18:47:12 INFO]: TestBot was slain by Slime
[18:47:27 INFO]: TestBot was slain by Slime
[18:48:32 INFO]: TestBot was slain by Slime
[18:48:39 INFO]: ChatSpy was slain by Slime
[18:48:41 INFO]: TestBot was slain by Slime
[18:48:51 INFO]: TestBot was slain by Slime
[18:48:56 INFO]: ChatSpy was slain by Slime
[18:49:01 INFO]: TestBot was slain by Slime
[18:49:24 INFO]: ChatSpy was slain by Slime
[18:49:26 INFO]: TestBot was slain by Slime
[18:49:39 INFO]: ChatSpy was slain by Slime
[18:49:40 INFO]: TestBot was slain by Slime
[18:49:51 INFO]: ChatSpy was slain by Slime
[18:49:56 INFO]: TestBot was slain by Slime
[18:50:03 INFO]: ChatSpy was slain by Slime
[18:50:07 INFO]: TestBot was slain by Slime
[18:50:14 INFO]: ChatSpy was slain by Slime
[18:50:18 INFO]: ChatSpy was slain by Slime
[18:50:19 INFO]: TestBot was slain by Slime
[18:50:28 INFO]: TestBot was slain by Slime
[18:50:36 INFO]: ChatSpy was slain by Slime
[18:50:44 INFO]: TestBot was slain by Slime
[18:50:52 INFO]: TestBot was slain by Slime
[18:50:53 INFO]: ChatSpy was slain by Slime
[18:51:01 INFO]: TestBot was slain by Slime
[18:51:12 INFO]: TestBot was slain by Slime
[18:51:14 INFO]: ChatSpy was slain by Slime
[18:51:23 INFO]: ChatSpy was slain by Slime
[18:51:27 INFO]: TestBot was slain by Slime
[18:51:31 INFO]: TestBot was slain by Slime
[18:51:39 INFO]: ChatSpy was slain by Slime
[18:51:42 INFO]: TestBot was slain by Slime
[18:51:49 INFO]: TestBot was slain by Slime
[18:51:58 INFO]: ChatSpy was slain by Slime
[18:51:59 INFO]: TestBot was slain by Slime
[18:52:08 INFO]: ChatSpy was slain by Slime
[18:52:09 INFO]: TestBot was slain by Slime
[18:52:18 INFO]: TestBot was slain by Slime
[18:52:19 INFO]: ChatSpy was slain by Slime
[18:52:29 INFO]: TestBot was slain by Slime
[18:52:32 INFO]: ChatSpy was slain by Slime
[18:52:38 INFO]: ChatSpy was slain by Slime
[18:52:40 INFO]: TestBot was slain by Slime
[18:52:48 INFO]: ChatSpy was slain by Slime
[18:52:49 INFO]: TestBot was slain by Slime
[18:52:56 INFO]: TestBot was slain by Slime
[18:53:02 INFO]: ChatSpy was slain by Zombie
[18:53:03 INFO]: TestBot was slain by Slime
[18:53:11 INFO]: ChatSpy was slain by Slime
[18:53:12 INFO]: TestBot was slain by Zombie
[18:53:20 INFO]: ChatSpy was slain by Zombie
[18:53:24 INFO]: TestBot was slain by Slime
[18:53:30 INFO]: ChatSpy was slain by Slime
[18:53:33 INFO]: TestBot was slain by Spider
[18:53:39 INFO]: ChatSpy was slain by Slime
[18:53:41 INFO]: TestBot was slain by Slime
[18:53:50 INFO]: TestBot was slain by Slime
[18:53:51 INFO]: ChatSpy was slain by Slime
[18:53:58 INFO]: ChatSpy was slain by Slime
[18:54:02 INFO]: TestBot was slain by Slime
[18:54:04 INFO]: ChatSpy was slain by Zombie
[18:54:12 INFO]: TestBot was slain by Zombie
[18:54:14 INFO]: ChatSpy was slain by Zombie
[18:54:21 INFO]: TestBot was slain by Slime
[18:54:22 INFO]: ChatSpy was slain by Zombie
[18:54:33 INFO]: TestBot was slain by Zombie
[18:54:35 INFO]: ChatSpy was slain by Zombie
[18:54:41 INFO]: TestBot was slain by Slime
[18:54:44 INFO]: ChatSpy was slain by Zombie
[18:54:48 INFO]: TestBot was slain by Zombie
[18:54:51 INFO]: ChatSpy was slain by Spider
[18:55:00 INFO]: ChatSpy was slain by Zombie
[18:55:01 INFO]: TestBot was slain by Zombie
[18:55:06 INFO]: ChatSpy was slain by Spider
[18:55:10 INFO]: TestBot was slain by Zombie
[18:55:13 INFO]: ChatSpy was slain by Zombie
[18:55:17 INFO]: TestBot was slain by Zombie
[18:55:22 INFO]: ChatSpy was slain by Zombie
[18:55:25 INFO]: TestBot was slain by Zombie
[18:55:30 INFO]: ChatSpy was slain by Slime
[18:55:31 INFO]: TestBot was slain by Spider
[18:55:37 INFO]: ChatSpy was slain by Zombie
[18:55:41 INFO]: TestBot was slain by Slime
[18:55:44 INFO]: ChatSpy was slain by Slime
[18:55:47 INFO]: TestBot was slain by Slime
[18:55:49 INFO]: ChatSpy was slain by Slime
[18:55:55 INFO]: TestBot was blown up by Creeper
[18:55:59 INFO]: ChatSpy was slain by Zombie
[18:56:03 INFO]: TestBot was slain by Zombie
[18:56:10 INFO]: ChatSpy was slain by Slime
[18:56:17 INFO]: TestBot was slain by Spider
[18:56:20 INFO]: ChatSpy was blown up by Creeper
[18:56:24 INFO]: TestBot was slain by Spider
[18:56:29 INFO]: ChatSpy was slain by Zombie
[18:56:32 INFO]: TestBot was slain by Zombie
[18:56:41 INFO]: TestBot was slain by Zombie
[18:56:43 INFO]: ChatSpy was slain by Zombie
[18:56:45 INFO]: TestBot was slain by Zombie
[18:56:51 INFO]: TestBot was slain by Zombie Villager
[18:56:53 INFO]: ChatSpy was slain by Slime
[18:57:00 INFO]: TestBot was slain by Zombie
[18:57:03 INFO]: ChatSpy was slain by Slime
[18:57:11 INFO]: TestBot was slain by Spider
[18:57:14 INFO]: ChatSpy was slain by Zombie
[18:57:20 INFO]: ChatSpy was slain by Zombie
[18:57:23 INFO]: TestBot was slain by Zombie
[18:57:27 INFO]: ChatSpy was slain by Slime
[18:57:30 INFO]: TestBot was slain by Zombie
[18:57:39 INFO]: TestBot was slain by Spider
[18:57:40 INFO]: ChatSpy was slain by Zombie
[18:57:50 INFO]: TestBot was slain by Spider
[18:57:55 INFO]: ChatSpy was slain by Zombie
[18:58:00 INFO]: ChatSpy was slain by Slime
[18:58:01 INFO]: TestBot was slain by Zombie
[18:58:11 INFO]: ChatSpy was slain by Zombie
[18:58:11 INFO]: TestBot was slain by Zombie
[18:58:22 INFO]: TestBot was slain by Zombie
[18:58:24 INFO]: ChatSpy was slain by Zombie
[18:58:30 INFO]: TestBot was slain by Zombie
[18:58:31 INFO]: ChatSpy was shot by Skeleton
[18:58:42 INFO]: TestBot was slain by Enderman
[18:58:42 INFO]: ChatSpy was slain by Zombie
[18:58:55 INFO]: TestBot was slain by Zombie
[18:58:55 INFO]: ChatSpy was slain by Zombie
[18:59:04 INFO]: TestBot was shot by Skeleton
[18:59:08 INFO]: ChatSpy was slain by Zombie
[18:59:15 INFO]: ChatSpy was slain by Zombie
[18:59:18 INFO]: TestBot was slain by Spider
[18:59:29 INFO]: TestBot was slain by Spider
[18:59:33 INFO]: ChatSpy was slain by Slime
[18:59:39 INFO]: TestBot was slain by Spider
[18:59:44 INFO]: ChatSpy was slain by Zombie
[18:59:48 INFO]: ChatSpy was slain by Zombie
[18:59:56 INFO]: TestBot was slain by Zombie
[18:59:58 INFO]: ChatSpy was shot by Skeleton
[19:00:06 INFO]: ChatSpy was slain by Zombie
[19:00:14 INFO]: TestBot was slain by Zombie
[19:00:14 INFO]: ChatSpy was shot by Skeleton
[19:00:31 INFO]: TestBot was slain by Zombie
[19:00:41 INFO]: TestBot was slain by Spider
[19:00:56 INFO]: TestBot was slain by Zombie
[19:01:07 INFO]: TestBot was slain by Zombie
[19:01:16 INFO]: TestBot was slain by Zombie
[19:01:40 INFO]: TestBot was slain by Slime
[19:04:04 INFO]: ChatSpy was slain by Slime
[19:05:09 INFO]: TestBot was slain by Slime
[19:05:38 INFO]: TestBot was slain by Slime
[19:06:00 INFO]: TestBot was slain by Slime
[19:06:22 INFO]: ChatSpy was slain by Slime
[19:06:25 INFO]: TestBot was slain by Slime
[19:06:35 INFO]: ChatSpy was slain by Slime
[19:07:24 INFO]: TestBot was slain by Slime
[19:07:55 INFO]: TestBot was slain by Slime
[19:08:03 INFO]: TestBot was slain by Slime
[19:08:18 INFO]: ChatSpy was slain by Slime
[19:08:39 INFO]: TestBot was slain by Slime
[19:08:56 INFO]: ChatSpy was slain by Slime
[19:08:59 INFO]: TestBot was slain by Slime
[19:09:16 INFO]: TestBot was slain by Slime
[19:09:30 INFO]: TestBot was slain by Slime
[19:09:43 INFO]: TestBot was slain by Slime
[19:09:53 INFO]: ChatSpy was slain by Slime
[19:09:54 INFO]: TestBot was slain by Slime
[19:10:16 INFO]: ChatSpy was slain by Slime
[19:10:18 INFO]: TestBot was slain by Slime
[19:10:34 INFO]: ChatSpy was slain by Slime
[19:10:54 INFO]: ChatSpy was slain by Slime
[19:11:03 INFO]: TestBot was slain by Slime
[19:11:20 INFO]: ChatSpy was slain by Slime
[19:11:33 INFO]: ChatSpy was slain by Slime
[19:11:47 INFO]: TestBot was slain by Slime
[19:11:50 INFO]: ChatSpy was slain by Slime
[19:11:59 INFO]: TestBot was slain by Slime
[19:12:11 INFO]: ChatSpy was slain by Slime
[19:12:22 INFO]: ChatSpy was slain by Slime
[19:12:36 INFO]: ChatSpy was slain by Slime
[19:12:46 INFO]: ChatSpy was slain by Slime
[19:12:48 INFO]: TestBot was slain by Zombie
[19:12:56 INFO]: ChatSpy was slain by Zombie
[19:13:04 INFO]: TestBot was slain by Zombie
[19:13:05 INFO]: ChatSpy was slain by Zombie
[19:13:13 INFO]: TestBot was slain by Zombie
[19:13:17 INFO]: ChatSpy was slain by Zombie
[19:13:21 INFO]: ChatSpy was slain by Slime
[19:13:26 INFO]: TestBot was slain by Spider
[19:13:32 INFO]: ChatSpy was slain by Slime
[19:13:35 INFO]: TestBot was slain by Zombie
[19:13:38 INFO]: ChatSpy was slain by Zombie
[19:13:41 INFO]: TestBot was slain by Zombie
[19:13:45 INFO]: ChatSpy was slain by Zombie
[19:13:52 INFO]: TestBot was slain by Slime
[19:13:55 INFO]: ChatSpy was slain by Zombie
[19:14:05 INFO]: ChatSpy was slain by Slime
[19:14:07 INFO]: TestBot was slain by Zombie
[19:14:11 INFO]: ChatSpy was slain by Zombie
[19:14:13 INFO]: TestBot was slain by Zombie
[19:14:19 INFO]: ChatSpy was slain by Zombie
[19:14:22 INFO]: TestBot was slain by Zombie
[19:14:30 INFO]: ChatSpy was slain by Zombie
[19:14:34 INFO]: TestBot was slain by Zombie
[19:14:36 INFO]: ChatSpy was slain by Slime
[19:14:44 INFO]: ChatSpy was shot by Skeleton
[19:14:50 INFO]: TestBot was slain by Slime
[19:14:57 INFO]: ChatSpy was slain by Slime
[19:15:03 INFO]: TestBot was slain by Zombie
[19:15:05 INFO]: ChatSpy was slain by Zombie
[19:15:13 INFO]: TestBot was slain by Zombie
[19:15:15 INFO]: ChatSpy was slain by Zombie
[19:15:23 INFO]: TestBot was slain by Zombie
[19:15:26 INFO]: ChatSpy was blown up by Creeper
[19:15:30 INFO]: TestBot was slain by Zombie
[19:15:35 INFO]: ChatSpy was slain by Zombie
[19:15:43 INFO]: TestBot was blown up by Creeper
[19:15:47 INFO]: ChatSpy was slain by Zombie
[19:15:54 INFO]: TestBot was blown up by Creeper
[19:16:01 INFO]: ChatSpy was slain by Zombie
[19:16:02 INFO]: TestBot was slain by Zombie
[19:16:08 INFO]: ChatSpy was slain by Slime
[19:16:11 INFO]: TestBot was slain by Spider
[19:16:18 INFO]: ChatSpy was slain by Zombie
[19:16:21 INFO]: TestBot was slain by Zombie
[19:16:31 INFO]: ChatSpy was slain by Zombie
[19:16:37 INFO]: TestBot was slain by Slime
[19:16:41 INFO]: ChatSpy was slain by Zombie
[19:16:47 INFO]: TestBot was slain by Zombie Villager
[19:16:51 INFO]: ChatSpy was slain by Zombie
[19:16:59 INFO]: TestBot was slain by Zombie Villager
[19:17:04 INFO]: ChatSpy was slain by Zombie
[19:17:09 INFO]: TestBot was slain by Zombie
[19:17:15 INFO]: ChatSpy was blown up by Creeper
[19:17:20 INFO]: TestBot was slain by Zombie
[19:17:25 INFO]: TestBot was slain by Zombie
[19:17:25 INFO]: ChatSpy was slain by Zombie
[19:17:34 INFO]: TestBot was slain by Zombie
[19:17:37 INFO]: ChatSpy was slain by Spider
[19:17:44 INFO]: TestBot was slain by Zombie
[19:17:53 INFO]: TestBot was slain by Zombie
[19:17:53 INFO]: ChatSpy was slain by Zombie
[19:18:01 INFO]: TestBot was blown up by Creeper
[19:18:06 INFO]: ChatSpy was slain by Zombie
[19:18:09 INFO]: TestBot was slain by Zombie
[19:18:20 INFO]: ChatSpy was slain by Zombie
[19:18:21 INFO]: TestBot was slain by Spider
[19:18:26 INFO]: ChatSpy was slain by Zombie
[19:18:33 INFO]: TestBot was slain by Spider
[19:18:34 INFO]: ChatSpy was slain by Zombie
[19:18:42 INFO]: ChatSpy was slain by Zombie
[19:18:46 INFO]: TestBot was slain by Zombie
[19:18:52 INFO]: ChatSpy was slain by Zombie
[19:18:55 INFO]: TestBot was slain by Spider
[19:19:06 INFO]: TestBot was slain by Zombie
[19:19:09 INFO]: ChatSpy was slain by Zombie
[19:19:12 INFO]: TestBot was slain by Spider
[19:19:20 INFO]: ChatSpy was slain by Zombie
[19:19:20 INFO]: TestBot was slain by Zombie
[19:19:27 INFO]: ChatSpy was slain by Zombie
[19:19:31 INFO]: TestBot was slain by Zombie
[19:19:40 INFO]: TestBot was slain by Zombie
[19:19:44 INFO]: ChatSpy was slain by Zombie
[19:19:50 INFO]: TestBot was slain by Zombie
[19:19:54 INFO]: ChatSpy was slain by Zombie
[19:20:01 INFO]: ChatSpy was slain by Zombie
[19:20:03 INFO]: TestBot was slain by Zombie
[19:20:10 INFO]: ChatSpy was slain by Zombie
[19:20:13 INFO]: TestBot was slain by Spider
[19:20:18 INFO]: ChatSpy was slain by Zombie
[19:20:27 INFO]: TestBot was slain by Zombie
[19:20:30 INFO]: ChatSpy was slain by Zombie
[19:20:37 INFO]: TestBot was slain by Zombie
[19:20:39 INFO]: ChatSpy was blown up by Creeper
[19:20:44 INFO]: TestBot was slain by Zombie
[19:20:49 INFO]: ChatSpy was slain by Spider
[19:20:56 INFO]: TestBot was slain by Zombie
[19:21:05 INFO]: TestBot was slain by Zombie
[19:21:08 INFO]: ChatSpy was slain by Zombie
[19:21:17 INFO]: TestBot was slain by Zombie
[19:21:43 INFO]: TestBot was killed by Witch using magic
[19:22:04 INFO]: TestBot was killed by Witch using magic
[19:22:13 INFO]: TestBot was slain by Slime
[19:22:31 INFO]: ChatSpy was slain by Slime
[19:22:38 INFO]: TestBot was slain by Slime
[19:22:49 INFO]: TestBot was slain by Slime
[19:23:13 INFO]: TestBot was slain by Slime
[19:23:27 INFO]: TestBot was slain by Slime
[19:23:38 INFO]: ChatSpy was slain by Slime
[19:23:38 INFO]: TestBot was slain by Slime
[19:23:52 INFO]: ChatSpy was slain by Slime
[19:24:02 INFO]: TestBot was killed by Witch using magic
[19:24:11 INFO]: ChatSpy was slain by Slime
[19:24:22 INFO]: TestBot was killed by Witch using magic
[19:24:55 INFO]: TestBot was killed by Witch using magic
[19:25:16 INFO]: TestBot was slain by Slime
[19:25:47 INFO]: TestBot was killed by Witch using magic
[19:26:07 INFO]: TestBot was killed by Witch using magic
[19:26:29 INFO]: TestBot was killed by Witch using magic
[19:26:49 INFO]: TestBot was killed by Witch using magic
[19:27:11 INFO]: TestBot was killed by Witch using magic
[19:27:32 INFO]: TestBot was killed by Witch using magic
[19:27:53 INFO]: TestBot was killed by Witch using magic
[19:28:04 INFO]: TestBot was slain by Slime
[19:28:24 INFO]: TestBot was slain by Slime
[19:28:34 INFO]: TestBot was killed by Witch using magic
[19:28:49 INFO]: TestBot was slain by Slime
[19:29:16 INFO]: TestBot was killed by Witch using magic
[19:29:43 INFO]: TestBot was killed by Witch using magic
[19:29:59 INFO]: ChatSpy was slain by Slime
[19:30:11 INFO]: TestBot was killed by Witch using magic
[19:33:12 INFO]: TestBot was killed by Witch using magic
[19:33:20 INFO]: TestBot was slain by Zombie
[19:33:23 INFO]: ChatSpy was slain by Zombie
[19:33:27 INFO]: TestBot was slain by Zombie
[19:33:33 INFO]: ChatSpy was slain by Zombie
[19:33:42 INFO]: TestBot was slain by Zombie
[19:33:44 INFO]: ChatSpy was slain by Zombie
[19:33:52 INFO]: TestBot was slain by Zombie
[19:33:58 INFO]: ChatSpy was slain by Zombie
[19:34:08 INFO]: TestBot was slain by Zombie
[19:34:09 INFO]: ChatSpy was slain by Zombie
[19:34:17 INFO]: TestBot was slain by Zombie
[19:34:22 INFO]: ChatSpy was slain by Spider
[19:34:30 INFO]: ChatSpy was slain by Zombie
[19:34:31 INFO]: TestBot was slain by Zombie
[19:34:41 INFO]: ChatSpy was slain by Zombie
[19:34:42 INFO]: TestBot was slain by Zombie
[19:34:50 INFO]: ChatSpy was slain by Zombie
[19:34:55 INFO]: TestBot was slain by Zombie
[19:34:59 INFO]: ChatSpy was slain by Zombie
[19:35:05 INFO]: TestBot was blown up by Creeper
[19:35:14 INFO]: ChatSpy was slain by Zombie
[19:35:17 INFO]: TestBot was slain by Zombie
[19:35:25 INFO]: TestBot was slain by Zombie
[19:35:28 INFO]: ChatSpy was slain by Zombie
[19:35:34 INFO]: TestBot was slain by Zombie
[19:35:43 INFO]: TestBot was shot by Skeleton
[19:35:44 INFO]: ChatSpy was slain by Zombie
[19:35:49 INFO]: TestBot was shot by Skeleton
[19:36:00 INFO]: TestBot was slain by Zombie
[19:36:01 INFO]: ChatSpy was slain by Zombie
[19:36:06 INFO]: TestBot was slain by Zombie
[19:36:13 INFO]: ChatSpy was slain by Zombie
[19:36:18 INFO]: TestBot was slain by Zombie
[19:36:25 INFO]: ChatSpy was slain by Spider
[19:36:35 INFO]: TestBot was slain by Zombie
[19:36:36 INFO]: ChatSpy was slain by Spider
[19:36:44 INFO]: TestBot was blown up by Creeper
[19:36:44 INFO]: ChatSpy was slain by Zombie
[19:36:54 INFO]: ChatSpy was slain by Zombie
[19:36:56 INFO]: TestBot was slain by Zombie
[19:37:07 INFO]: ChatSpy was slain by Zombie
[19:37:08 INFO]: TestBot was slain by Zombie
[19:37:15 INFO]: ChatSpy was slain by Zombie
[19:37:21 INFO]: TestBot was slain by Zombie
[19:37:29 INFO]: ChatSpy was slain by Zombie
[19:37:29 INFO]: TestBot was slain by Spider
[19:37:41 INFO]: TestBot was slain by Zombie
[19:37:42 INFO]: ChatSpy was slain by Zombie
[19:37:52 INFO]: TestBot was blown up by Creeper
[19:37:55 INFO]: ChatSpy was slain by Zombie
[19:38:07 INFO]: ChatSpy was slain by Zombie
[19:38:18 INFO]: TestBot was slain by Zombie
[19:38:20 INFO]: ChatSpy was slain by Zombie
[19:38:28 INFO]: ChatSpy was blown up by Creeper
[19:38:35 INFO]: TestBot was slain by Zombie
[19:38:39 INFO]: ChatSpy was slain by Spider
[19:38:43 INFO]: TestBot was slain by Spider
[19:38:48 INFO]: ChatSpy was slain by Zombie
[19:38:50 INFO]: TestBot was blown up by Creeper
[19:39:00 INFO]: ChatSpy was slain by Zombie
[19:39:03 INFO]: TestBot was slain by Zombie
[19:39:13 INFO]: TestBot was slain by Zombie
[19:39:13 INFO]: ChatSpy was slain by Spider
[19:39:23 INFO]: TestBot was slain by Zombie
[19:39:29 INFO]: TestBot was slain by Zombie
[19:39:31 INFO]: ChatSpy was slain by Zombie
[19:39:41 INFO]: TestBot was slain by Zombie
[19:39:43 INFO]: ChatSpy was slain by Slime
[19:39:50 INFO]: TestBot was slain by Zombie
[19:39:51 INFO]: ChatSpy was slain by Zombie
[19:39:59 INFO]: TestBot was slain by Zombie
[19:40:00 INFO]: ChatSpy was slain by Zombie
[19:40:08 INFO]: TestBot was slain by Zombie
[19:40:14 INFO]: ChatSpy was shot by Skeleton
[19:40:21 INFO]: TestBot was slain by Zombie
[19:40:28 INFO]: ChatSpy was slain by Spider
[19:40:32 INFO]: TestBot was slain by Zombie
[19:40:38 INFO]: ChatSpy was slain by Zombie
[19:40:43 INFO]: TestBot was slain by Zombie
[19:40:48 INFO]: ChatSpy was slain by Zombie
[19:40:53 INFO]: TestBot was slain by Zombie
[19:40:58 INFO]: ChatSpy was shot by Skeleton
[19:41:03 INFO]: TestBot was blown up by Creeper
[19:41:12 INFO]: ChatSpy was slain by Zombie
[19:41:30 INFO]: TestBot was slain by Slime
[19:41:43 INFO]: ChatSpy was blown up by Creeper
[19:42:25 INFO]: ChatSpy was slain by Slime
[19:42:54 INFO]: ChatSpy was slain by Slime
[19:43:18 INFO]: ChatSpy was slain by Slime
[19:43:59 INFO]: ChatSpy was slain by Slime
[19:44:00 INFO]: TestBot was slain by Slime
[19:44:10 INFO]: ChatSpy was slain by Slime
[19:44:20 INFO]: ChatSpy was slain by Slime
[19:44:45 INFO]: TestBot was slain by Slime
[19:44:46 INFO]: ChatSpy was slain by Slime
[19:45:43 INFO]: TestBot was slain by Spider
[19:45:51 INFO]: TestBot was slain by Slime
[19:46:07 INFO]: ChatSpy was slain by Slime
[19:46:52 INFO]: ChatSpy was slain by Spider
[19:46:57 INFO]: TestBot was slain by Slime
[19:47:05 INFO]: ChatSpy was slain by Slime
[19:47:22 INFO]: ChatSpy was slain by Slime
[19:47:40 INFO]: ChatSpy was slain by Slime
[19:47:53 INFO]: TestBot was slain by Slime
[19:48:06 INFO]: TestBot was slain by Slime
[19:48:20 INFO]: TestBot was slain by Slime
[19:48:20 INFO]: ChatSpy was slain by Slime
[19:48:30 INFO]: ChatSpy was slain by Slime
[19:48:40 INFO]: TestBot was slain by Slime
[19:48:46 INFO]: ChatSpy was slain by Slime
[19:48:47 INFO]: TestBot was slain by Slime
[19:49:02 INFO]: TestBot was slain by Slime
[19:49:07 INFO]: ChatSpy was slain by Slime
[19:49:19 INFO]: ChatSpy was slain by Slime
[19:49:34 INFO]: TestBot was slain by Slime
[19:49:37 INFO]: ChatSpy was slain by Slime
[19:49:53 INFO]: TestBot was slain by Slime
[19:49:59 INFO]: TestBot was slain by Slime
[19:50:09 INFO]: TestBot was slain by Slime
[19:50:16 INFO]: TestBot was slain by Slime
[19:50:18 INFO]: ChatSpy was slain by Slime
[19:50:28 INFO]: ChatSpy was slain by Slime
[19:50:29 INFO]: TestBot was slain by Spider
[19:50:40 INFO]: TestBot was slain by Slime
[19:50:49 INFO]: ChatSpy was slain by Slime
[19:51:10 INFO]: ChatSpy was slain by Slime
[19:51:20 INFO]: TestBot was slain by Slime
[19:51:22 INFO]: ChatSpy was slain by Slime
[19:51:29 INFO]: TestBot was slain by Slime
[19:51:34 INFO]: ChatSpy was slain by Slime
[19:51:42 INFO]: TestBot was slain by Slime
[19:51:52 INFO]: ChatSpy was slain by Slime
[19:51:53 INFO]: TestBot was slain by Slime
[19:52:03 INFO]: TestBot was slain by Slime
[19:52:15 INFO]: TestBot was slain by Slime
[19:52:19 INFO]: ChatSpy was slain by Slime
[19:52:28 INFO]: ChatSpy was slain by Spider
[19:52:37 INFO]: TestBot was slain by Slime
[19:52:40 INFO]: ChatSpy was slain by Slime
[19:52:49 INFO]: TestBot was slain by Spider
[19:52:57 INFO]: TestBot was slain by Slime
[19:53:05 INFO]: ChatSpy was slain by Slime
[19:53:05 INFO]: TestBot was slain by Zombie
[19:53:14 INFO]: TestBot was slain by Spider
[19:53:15 INFO]: ChatSpy was slain by Slime
[19:53:20 INFO]: ChatSpy was slain by Spider
[19:53:25 INFO]: TestBot was slain by Spider
[19:53:31 INFO]: ChatSpy was slain by Zombie
[19:53:36 INFO]: ChatSpy was slain by Zombie
[19:53:41 INFO]: TestBot was slain by Slime
[19:53:41 INFO]: ChatSpy was slain by Slime
[19:53:46 INFO]: ChatSpy was slain by Slime
[19:53:58 INFO]: ChatSpy was slain by Zombie
[19:54:02 INFO]: TestBot was slain by Zombie
[19:54:07 INFO]: ChatSpy was blown up by Creeper
[19:54:16 INFO]: ChatSpy was slain by Zombie
[19:54:25 INFO]: TestBot was slain by Slime
[19:54:32 INFO]: ChatSpy was slain by Zombie
[19:54:40 INFO]: TestBot was slain by Zombie
[19:54:44 INFO]: ChatSpy was slain by Slime
[19:54:45 INFO]: TestBot was slain by Zombie
[19:54:51 INFO]: ChatSpy was slain by Spider
[19:54:56 INFO]: TestBot was slain by Slime
[19:54:57 INFO]: ChatSpy was slain by Zombie
[19:55:07 INFO]: ChatSpy was slain by Zombie Villager
[19:55:10 INFO]: TestBot was slain by Zombie
[19:55:12 INFO]: ChatSpy was slain by Zombie
[19:55:26 INFO]: ChatSpy was slain by Zombie
[19:55:27 INFO]: TestBot was slain by Spider
[19:55:36 INFO]: ChatSpy was blown up by Creeper
[19:55:42 INFO]: TestBot was slain by Zombie
[19:55:44 INFO]: ChatSpy was slain by Slime
[19:55:49 INFO]: TestBot was slain by Zombie
[19:55:50 INFO]: ChatSpy was slain by Zombie
[19:55:54 INFO]: ChatSpy was slain by Slime
[19:56:01 INFO]: TestBot was slain by Zombie
[19:56:03 INFO]: ChatSpy was slain by Zombie
[19:56:08 INFO]: TestBot was blown up by Creeper
[19:56:14 INFO]: ChatSpy was shot by Skeleton
[19:56:16 INFO]: TestBot was shot by Skeleton
[19:56:24 INFO]: ChatSpy was slain by Zombie
[19:56:24 INFO]: TestBot was slain by Spider
[19:56:29 INFO]: TestBot was slain by Zombie
[19:56:35 INFO]: ChatSpy was slain by Spider
[19:56:39 INFO]: TestBot was slain by Zombie
[19:56:43 INFO]: ChatSpy was slain by Spider
[19:56:48 INFO]: TestBot was slain by Zombie
[19:56:52 INFO]: ChatSpy was slain by Spider
[19:56:59 INFO]: ChatSpy was slain by Zombie
[19:57:01 INFO]: TestBot was slain by Spider
[19:57:07 INFO]: ChatSpy was slain by Zombie
[19:57:17 INFO]: ChatSpy was slain by Zombie
[19:57:28 INFO]: ChatSpy was slain by Zombie
[19:57:29 INFO]: TestBot was slain by Zombie
[19:57:35 INFO]: ChatSpy was slain by Spider
[19:57:40 INFO]: TestBot was slain by Spider
[19:57:46 INFO]: ChatSpy was slain by Zombie
[19:57:51 INFO]: TestBot was slain by Slime
[19:57:53 INFO]: ChatSpy was slain by Zombie
[19:58:02 INFO]: TestBot was slain by Spider
[19:58:04 INFO]: ChatSpy was slain by Zombie
[19:58:11 INFO]: ChatSpy was slain by Zombie
[19:58:11 INFO]: TestBot was slain by Zombie
[19:58:19 INFO]: TestBot was slain by Slime
[19:58:24 INFO]: ChatSpy was slain by Zombie
[19:58:27 INFO]: TestBot was slain by Zombie
[19:58:35 INFO]: ChatSpy was slain by Zombie
[19:58:38 INFO]: TestBot was slain by Zombie
[19:58:44 INFO]: ChatSpy was slain by Zombie
[19:58:49 INFO]: TestBot was slain by Zombie
[19:58:53 INFO]: ChatSpy was slain by Zombie
[19:58:58 INFO]: TestBot was slain by Zombie
[19:59:02 INFO]: ChatSpy was slain by Zombie
[19:59:05 INFO]: TestBot was slain by Zombie
[19:59:12 INFO]: TestBot was slain by Zombie
[19:59:13 INFO]: ChatSpy was slain by Zombie
[19:59:20 INFO]: TestBot was slain by Zombie
[19:59:23 INFO]: ChatSpy was slain by Zombie
[19:59:31 INFO]: TestBot was slain by Zombie
[19:59:33 INFO]: ChatSpy was slain by Zombie
[19:59:41 INFO]: TestBot was slain by Zombie
[19:59:43 INFO]: ChatSpy was slain by Zombie
[19:59:50 INFO]: ChatSpy was slain by Zombie
[19:59:52 INFO]: TestBot was slain by Zombie
[19:59:59 INFO]: TestBot was slain by Zombie
[20:00:01 INFO]: ChatSpy was slain by Zombie
[20:00:09 INFO]: TestBot was slain by Spider
[20:00:11 INFO]: ChatSpy was slain by Zombie
[20:00:20 INFO]: ChatSpy was slain by Zombie
[20:00:22 INFO]: TestBot was slain by Zombie
[20:00:28 INFO]: ChatSpy was slain by Zombie
[20:00:31 INFO]: TestBot was slain by Zombie
[20:00:37 INFO]: ChatSpy was slain by Zombie
[20:00:41 INFO]: TestBot was slain by Zombie
[20:00:51 INFO]: ChatSpy was slain by Zombie
[20:00:55 INFO]: TestBot was slain by Zombie
[20:01:01 INFO]: ChatSpy was slain by Spider
[20:01:03 INFO]: TestBot was slain by Zombie
[20:01:12 INFO]: TestBot was slain by Zombie
[20:01:12 INFO]: ChatSpy was blown up by Creeper
[20:01:26 INFO]: TestBot was shot by Skeleton
[20:01:30 INFO]: ChatSpy was slain by Zombie
[20:01:39 INFO]: TestBot was slain by Zombie
[20:01:46 INFO]: TestBot was slain by Zombie
[20:01:56 INFO]: TestBot was slain by Zombie
[20:02:06 INFO]: TestBot was slain by Zombie
[20:02:14 INFO]: ChatSpy was shot by Skeleton
[20:02:21 INFO]: TestBot was slain by Zombie
[20:08:51 INFO]: ChatSpy was slain by Slime
[20:08:55 INFO]: TestBot was slain by Slime
[20:09:38 INFO]: TestBot was slain by Slime
[20:09:57 INFO]: ChatSpy was slain by Slime
[20:10:22 INFO]: ChatSpy was slain by Slime
[20:10:36 INFO]: ChatSpy was slain by Slime
[20:10:54 INFO]: TestBot was slain by Slime
[20:11:04 INFO]: ChatSpy was slain by Slime
[20:11:23 INFO]: TestBot was slain by Slime
[20:11:34 INFO]: ChatSpy was slain by Slime
[20:11:46 INFO]: TestBot was slain by Slime
[20:11:54 INFO]: ChatSpy was slain by Slime
[20:12:03 INFO]: TestBot was slain by Slime
[20:12:15 INFO]: TestBot was slain by Slime
[20:12:31 INFO]: ChatSpy was slain by Slime
[20:12:38 INFO]: TestBot was slain by Slime
[20:12:51 INFO]: TestBot was slain by Zombie
[20:12:59 INFO]: TestBot was blown up by Creeper
[20:13:15 INFO]: TestBot was slain by Zombie
[20:13:17 INFO]: ChatSpy was slain by Slime
[20:13:30 INFO]: ChatSpy was slain by Slime
[20:13:31 INFO]: TestBot was shot by Skeleton
[20:13:42 INFO]: TestBot was slain by Zombie
[20:13:48 INFO]: ChatSpy was slain by Zombie
[20:13:49 INFO]: TestBot was slain by Zombie
[20:14:00 INFO]: TestBot was slain by Zombie
[20:14:02 INFO]: ChatSpy was slain by Zombie
[20:14:12 INFO]: TestBot was slain by Zombie
[20:14:20 INFO]: ChatSpy was slain by Zombie
[20:14:24 INFO]: TestBot was slain by Zombie
[20:14:26 INFO]: ChatSpy was slain by Slime
[20:14:33 INFO]: ChatSpy was slain by Zombie
[20:14:34 INFO]: TestBot was slain by Slime
[20:14:39 INFO]: ChatSpy was slain by Zombie
[20:14:44 INFO]: TestBot was slain by Zombie
[20:14:49 INFO]: ChatSpy was blown up by Creeper
[20:14:50 INFO]: TestBot was slain by Slime
[20:14:55 INFO]: ChatSpy was slain by Slime
[20:15:01 INFO]: TestBot was slain by Zombie
[20:15:05 INFO]: ChatSpy was shot by Skeleton
[20:15:11 INFO]: TestBot was slain by Zombie
[20:15:13 INFO]: ChatSpy was slain by Slime
[20:15:24 INFO]: TestBot was slain by Zombie
[20:15:28 INFO]: ChatSpy was slain by Zombie
[20:15:36 INFO]: ChatSpy was slain by Spider
[20:15:37 INFO]: TestBot was slain by Zombie
[20:15:43 INFO]: TestBot was slain by Zombie
[20:15:48 INFO]: ChatSpy was slain by Spider
[20:15:52 INFO]: TestBot was slain by Zombie
[20:16:01 INFO]: ChatSpy was slain by Spider
[20:16:05 INFO]: TestBot was slain by Zombie
[20:16:12 INFO]: ChatSpy was slain by Spider
[20:16:18 INFO]: TestBot was slain by Zombie
[20:16:21 INFO]: ChatSpy was slain by Zombie
[20:16:31 INFO]: ChatSpy was slain by Zombie
[20:16:32 INFO]: TestBot was shot by Skeleton
[20:16:45 INFO]: TestBot was slain by Zombie
[20:16:49 INFO]: ChatSpy was slain by Zombie
[20:16:59 INFO]: ChatSpy was slain by Zombie
[20:17:02 INFO]: TestBot was slain by Zombie
[20:17:14 INFO]: ChatSpy was slain by Zombie
[20:17:18 INFO]: TestBot was slain by Zombie
[20:17:22 INFO]: ChatSpy was slain by Zombie
[20:17:31 INFO]: TestBot was slain by Zombie
[20:17:32 INFO]: ChatSpy was slain by Zombie
[20:17:43 INFO]: TestBot was slain by Zombie
[20:17:47 INFO]: ChatSpy was slain by Spider
[20:17:51 INFO]: TestBot was slain by Zombie
[20:17:59 INFO]: TestBot was slain by Zombie
[20:18:01 INFO]: ChatSpy was slain by Zombie
[20:18:07 INFO]: TestBot was slain by Zombie
[20:18:11 INFO]: ChatSpy was slain by Zombie
[20:18:20 INFO]: TestBot was slain by Zombie
[20:18:21 INFO]: ChatSpy was slain by Zombie
[20:18:29 INFO]: TestBot was slain by Zombie
[20:18:36 INFO]: TestBot was slain by Zombie
[20:18:37 INFO]: ChatSpy was slain by Zombie
[20:18:43 INFO]: TestBot was slain by Zombie
[20:18:52 INFO]: ChatSpy was slain by Zombie
[20:18:52 INFO]: TestBot was shot by Skeleton
[20:19:01 INFO]: ChatSpy was slain by Zombie
[20:19:07 INFO]: TestBot was slain by Zombie
[20:19:13 INFO]: ChatSpy was slain by Zombie
[20:19:16 INFO]: TestBot was slain by Zombie
[20:19:20 INFO]: ChatSpy was slain by Zombie
[20:19:26 INFO]: TestBot was slain by Zombie
[20:19:35 INFO]: ChatSpy was slain by Zombie
[20:19:35 INFO]: TestBot was slain by Zombie
[20:19:46 INFO]: ChatSpy was slain by Zombie
[20:19:46 INFO]: TestBot was slain by Zombie
[20:19:56 INFO]: ChatSpy was slain by Zombie
[20:19:58 INFO]: TestBot was slain by Zombie
[20:20:08 INFO]: TestBot was slain by Spider
[20:20:12 INFO]: ChatSpy was slain by Zombie
[20:20:19 INFO]: TestBot was slain by Zombie Villager
[20:20:25 INFO]: ChatSpy was slain by Zombie
[20:20:30 INFO]: TestBot was slain by Zombie
[20:20:39 INFO]: ChatSpy was slain by Zombie
[20:20:48 INFO]: ChatSpy was shot by Skeleton
[20:21:01 INFO]: ChatSpy was slain by Zombie
[20:21:16 INFO]: ChatSpy was slain by Zombie
[20:21:44 INFO]: ChatSpy was slain by Slime
[20:22:50 INFO]: TestBot was blown up by Creeper
[20:27:11 INFO]: ChatSpy was slain by Slime
[20:27:21 INFO]: ChatSpy was slain by Slime
[20:27:32 INFO]: TestBot was slain by Slime
[20:27:52 INFO]: ChatSpy was slain by Slime
[20:28:01 INFO]: ChatSpy was slain by Slime
[20:28:21 INFO]: TestBot was slain by Slime
[20:28:29 INFO]: TestBot was slain by Slime
[20:28:45 INFO]: TestBot was slain by Slime
[20:28:57 INFO]: TestBot was slain by Slime
[20:29:14 INFO]: ChatSpy was slain by Slime
[20:29:27 INFO]: ChatSpy was slain by Slime
[20:29:27 INFO]: TestBot was slain by Slime
[20:30:04 INFO]: ChatSpy was slain by Slime
[20:30:17 INFO]: ChatSpy was slain by Slime
[20:30:33 INFO]: ChatSpy was slain by Slime
[20:30:48 INFO]: ChatSpy was slain by Slime
[20:30:56 INFO]: ChatSpy was slain by Slime
[20:31:07 INFO]: ChatSpy was slain by Slime
[20:31:11 INFO]: TestBot was slain by Slime
[20:31:51 INFO]: TestBot was slain by Slime
[20:32:03 INFO]: ChatSpy was slain by Slime
[20:32:11 INFO]: TestBot was slain by Slime
[20:32:25 INFO]: ChatSpy was slain by Slime
[20:32:26 INFO]: TestBot was slain by Slime
[20:32:34 INFO]: ChatSpy was slain by Slime
[20:32:42 INFO]: TestBot was slain by Slime
[20:32:46 INFO]: ChatSpy was slain by Slime
[20:32:51 INFO]: TestBot was slain by Spider
[20:33:01 INFO]: ChatSpy was slain by Zombie
[20:33:01 INFO]: TestBot was slain by Slime
[20:33:12 INFO]: ChatSpy was slain by Zombie
[20:33:13 INFO]: TestBot was slain by Slime
[20:33:22 INFO]: ChatSpy was slain by Slime
[20:33:30 INFO]: TestBot was slain by Slime
[20:33:32 INFO]: ChatSpy was slain by Zombie
[20:33:38 INFO]: ChatSpy was slain by Zombie
[20:33:42 INFO]: ChatSpy was slain by Spider
[20:33:43 INFO]: TestBot was slain by Zombie
[20:33:54 INFO]: TestBot was slain by Zombie
[20:33:54 INFO]: ChatSpy was slain by Zombie
[20:34:05 INFO]: ChatSpy was slain by Zombie
[20:34:07 INFO]: TestBot was slain by Slime
[20:34:12 INFO]: ChatSpy was blown up by Creeper
[20:34:16 INFO]: TestBot was slain by Zombie
[20:34:23 INFO]: ChatSpy was slain by Slime
[20:34:29 INFO]: TestBot was blown up by Creeper
[20:34:36 INFO]: ChatSpy was slain by Slime
[20:34:46 INFO]: ChatSpy was slain by Zombie
[20:34:46 INFO]: TestBot was slain by Slime
[20:34:56 INFO]: TestBot was slain by Zombie Villager
[20:35:01 INFO]: ChatSpy was slain by Zombie
[20:35:09 INFO]: ChatSpy was slain by Zombie
[20:35:11 INFO]: TestBot was slain by Zombie
[20:35:18 INFO]: TestBot was slain by Zombie
[20:35:25 INFO]: ChatSpy was shot by Skeleton
[20:35:33 INFO]: TestBot was blown up by Creeper
[20:35:36 INFO]: ChatSpy was slain by Zombie Villager
[20:35:42 INFO]: TestBot was slain by Zombie
[20:35:48 INFO]: ChatSpy was slain by Zombie
[20:35:53 INFO]: TestBot was slain by Slime
[20:36:00 INFO]: ChatSpy was slain by Zombie
[20:36:00 INFO]: TestBot was slain by Zombie
[20:36:08 INFO]: ChatSpy was slain by Zombie
[20:36:13 INFO]: TestBot was slain by Zombie
[20:36:21 INFO]: ChatSpy was slain by Zombie
[20:36:26 INFO]: TestBot was slain by Zombie
[20:36:31 INFO]: ChatSpy was slain by Spider
[20:36:39 INFO]: TestBot was slain by Zombie Villager
[20:36:43 INFO]: ChatSpy was slain by Zombie
[20:36:49 INFO]: TestBot was slain by Zombie
[20:36:57 INFO]: TestBot was slain by Spider
[20:36:57 INFO]: ChatSpy was slain by Zombie Villager
[20:37:04 INFO]: ChatSpy was shot by Skeleton
[20:37:05 INFO]: TestBot was slain by Spider
[20:37:14 INFO]: TestBot was slain by Zombie
[20:37:15 INFO]: ChatSpy was slain by Zombie
[20:37:25 INFO]: TestBot was slain by Zombie
[20:37:27 INFO]: ChatSpy was slain by Zombie
[20:37:32 INFO]: TestBot was slain by Spider
[20:37:40 INFO]: ChatSpy was slain by Zombie
[20:37:41 INFO]: TestBot was slain by Zombie
[20:37:49 INFO]: ChatSpy was slain by Zombie
[20:37:52 INFO]: TestBot was slain by Zombie
[20:37:58 INFO]: ChatSpy was slain by Zombie
[20:37:58 INFO]: TestBot was slain by Zombie
[20:38:07 INFO]: TestBot was slain by Zombie
[20:38:10 INFO]: ChatSpy was slain by Zombie
[20:38:15 INFO]: TestBot was slain by Zombie
[20:38:19 INFO]: ChatSpy was slain by Zombie
[20:38:24 INFO]: TestBot was slain by Spider
[20:38:26 INFO]: ChatSpy was slain by Zombie
[20:38:35 INFO]: TestBot was slain by Spider
[20:38:37 INFO]: ChatSpy was slain by Zombie
[20:38:47 INFO]: ChatSpy was slain by Zombie
[20:38:47 INFO]: TestBot was slain by Zombie
[20:38:57 INFO]: TestBot was slain by Zombie
[20:38:57 INFO]: ChatSpy was slain by Zombie
[20:39:06 INFO]: TestBot was slain by Zombie
[20:39:10 INFO]: ChatSpy was slain by Zombie
[20:39:19 INFO]: TestBot was slain by Zombie
[20:39:19 INFO]: ChatSpy was slain by Zombie
[20:39:25 INFO]: ChatSpy was slain by Zombie
[20:39:27 INFO]: TestBot was slain by Zombie
[20:39:34 INFO]: ChatSpy was slain by Zombie
[20:39:37 INFO]: TestBot was slain by Zombie
[20:39:41 INFO]: ChatSpy was slain by Zombie
[20:39:44 INFO]: TestBot was slain by Zombie
[20:39:49 INFO]: ChatSpy was slain by Zombie Villager
[20:39:55 INFO]: TestBot was slain by Zombie
[20:39:59 INFO]: ChatSpy was slain by Zombie
[20:40:06 INFO]: TestBot was blown up by Creeper
[20:40:11 INFO]: ChatSpy was slain by Zombie
[20:40:16 INFO]: TestBot was blown up by Creeper
[20:40:25 INFO]: ChatSpy was slain by Zombie
[20:40:30 INFO]: TestBot was slain by Zombie
[20:40:42 INFO]: ChatSpy was slain by Zombie
[20:40:44 INFO]: TestBot was slain by Zombie
[20:40:55 INFO]: TestBot was slain by Zombie
[20:40:57 INFO]: ChatSpy was slain by Zombie
[20:41:09 INFO]: TestBot was slain by Zombie
[20:41:21 INFO]: TestBot was slain by Zombie
[20:44:20 INFO]: TestBot was slain by Slime
[20:44:26 INFO]: ChatSpy was slain by Slime
[20:44:32 INFO]: TestBot was slain by Slime
[20:44:55 INFO]: TestBot was slain by Slime
[20:45:07 INFO]: TestBot was slain by Slime
[20:45:11 INFO]: ChatSpy was slain by Slime
[20:45:22 INFO]: TestBot was slain by Slime
[20:45:34 INFO]: ChatSpy was slain by Slime
[20:45:43 INFO]: ChatSpy was slain by Slime
[20:45:55 INFO]: TestBot was slain by Slime
[20:46:09 INFO]: ChatSpy was slain by Slime
[20:46:43 INFO]: ChatSpy was slain by Slime
[20:47:00 INFO]: TestBot was slain by Slime
[20:47:26 INFO]: TestBot was slain by Slime
[20:47:28 INFO]: ChatSpy was slain by Slime
[20:47:37 INFO]: TestBot was slain by Slime
[20:47:45 INFO]: ChatSpy was slain by Slime
[20:47:50 INFO]: TestBot was slain by Slime
[20:48:03 INFO]: TestBot was slain by Slime
[20:48:20 INFO]: ChatSpy was slain by Slime
[20:48:47 INFO]: TestBot was slain by Slime
[20:49:02 INFO]: ChatSpy was slain by Slime
[20:49:25 INFO]: TestBot was slain by Slime
[20:49:31 INFO]: ChatSpy was slain by Slime
[20:49:45 INFO]: ChatSpy was slain by Slime
[20:49:55 INFO]: TestBot was slain by Slime
[20:50:06 INFO]: TestBot was slain by Slime
[20:50:18 INFO]: ChatSpy was slain by Slime
[20:50:23 INFO]: TestBot was slain by Slime
[20:50:31 INFO]: ChatSpy was slain by Slime
[20:50:43 INFO]: TestBot was slain by Slime
[20:50:54 INFO]: ChatSpy was slain by Slime
[20:50:56 INFO]: TestBot was slain by Slime
[20:51:07 INFO]: ChatSpy was slain by Slime
[20:51:12 INFO]: ChatSpy was slain by Slime
[20:51:20 INFO]: TestBot was slain by Slime
[20:51:27 INFO]: ChatSpy was slain by Slime
[20:51:31 INFO]: TestBot was slain by Slime
[20:51:40 INFO]: TestBot was slain by Slime
[20:51:46 INFO]: TestBot was slain by Slime
[20:51:59 INFO]: TestBot was slain by Slime
[20:52:15 INFO]: ChatSpy was slain by Slime
[20:52:26 INFO]: TestBot was slain by Slime
[20:52:28 INFO]: ChatSpy was slain by Slime
[20:52:36 INFO]: TestBot was slain by Slime
[20:52:40 INFO]: ChatSpy was slain by Slime
[20:52:54 INFO]: ChatSpy was slain by Zombie
[20:53:06 INFO]: ChatSpy was slain by Zombie
[20:53:09 INFO]: TestBot was blown up by Creeper
[20:53:15 INFO]: ChatSpy was slain by Zombie
[20:53:22 INFO]: TestBot was slain by Zombie
[20:53:27 INFO]: ChatSpy was slain by Zombie
[20:53:29 INFO]: TestBot was blown up by Creeper
[20:53:39 INFO]: ChatSpy was slain by Zombie
[20:53:41 INFO]: TestBot was slain by Zombie
[20:53:46 INFO]: ChatSpy was slain by Zombie
[20:53:48 INFO]: TestBot was slain by Zombie
[20:53:54 INFO]: ChatSpy was slain by Zombie
[20:53:59 INFO]: TestBot was slain by Zombie
[20:54:00 INFO]: ChatSpy was slain by Zombie
[20:54:07 INFO]: ChatSpy was slain by Zombie
[20:54:12 INFO]: TestBot was blown up by Creeper
[20:54:13 INFO]: ChatSpy was slain by Slime
[20:54:25 INFO]: ChatSpy was slain by Zombie
[20:54:27 INFO]: TestBot was slain by Zombie
[20:54:35 INFO]: TestBot was slain by Zombie
[20:54:37 INFO]: ChatSpy was shot by Skeleton
[20:54:40 INFO]: TestBot was blown up by Creeper
[20:54:46 INFO]: ChatSpy was slain by Slime
[20:54:54 INFO]: TestBot was slain by Zombie
[20:54:55 INFO]: ChatSpy was slain by Slime
[20:55:01 INFO]: ChatSpy was slain by Slime
[20:55:08 INFO]: ChatSpy was slain by Zombie
[20:55:09 INFO]: TestBot was slain by Zombie
[20:55:17 INFO]: TestBot was slain by Zombie
[20:55:21 INFO]: ChatSpy was shot by Skeleton
[20:55:27 INFO]: TestBot was slain by Zombie
[20:55:31 INFO]: ChatSpy was slain by Zombie
[20:55:40 INFO]: ChatSpy was slain by Zombie
[20:55:41 INFO]: TestBot was slain by Zombie
[20:55:50 INFO]: ChatSpy was shot by Skeleton
[20:55:57 INFO]: TestBot was slain by Zombie
[20:55:58 INFO]: ChatSpy was slain by Spider
[20:56:05 INFO]: ChatSpy was slain by Zombie
[20:56:06 INFO]: TestBot was slain by Zombie
[20:56:16 INFO]: ChatSpy was slain by Zombie Villager
[20:56:16 INFO]: TestBot was slain by Zombie
[20:56:24 INFO]: TestBot was slain by Zombie
[20:56:30 INFO]: ChatSpy was slain by Slime
[20:56:32 INFO]: TestBot was slain by Zombie
[20:56:40 INFO]: TestBot was slain by Zombie
[20:56:43 INFO]: ChatSpy was slain by Zombie
[20:56:49 INFO]: TestBot was slain by Zombie
[20:56:51 INFO]: ChatSpy was slain by Zombie
[20:57:01 INFO]: ChatSpy was slain by Zombie
[20:57:08 INFO]: TestBot was blown up by Creeper
[20:57:13 INFO]: ChatSpy was slain by Zombie
[20:57:24 INFO]: TestBot was slain by Slime
[20:57:25 INFO]: ChatSpy was slain by Zombie
[20:57:35 INFO]: ChatSpy was slain by Zombie
[20:57:37 INFO]: TestBot was slain by Slime
[20:57:44 INFO]: ChatSpy was slain by Zombie
[20:57:44 INFO]: TestBot was shot by Skeleton
[20:57:50 INFO]: TestBot was slain by Zombie Villager
[20:57:56 INFO]: ChatSpy was slain by Zombie
[20:57:58 INFO]: TestBot was shot by Skeleton
[20:58:07 INFO]: ChatSpy was slain by Zombie
[20:58:11 INFO]: TestBot was slain by Zombie
[20:58:15 INFO]: ChatSpy was blown up by Creeper
[20:58:23 INFO]: TestBot was slain by Spider
[20:58:29 INFO]: TestBot was slain by Zombie
[20:58:30 INFO]: ChatSpy was slain by Slime
[20:58:38 INFO]: ChatSpy was slain by Spider
[20:58:44 INFO]: TestBot was slain by Zombie Villager
[20:58:47 INFO]: ChatSpy was slain by Zombie
[20:58:53 INFO]: ChatSpy was slain by Zombie
[20:58:56 INFO]: TestBot was slain by Zombie Villager
[20:59:00 INFO]: ChatSpy was slain by Spider
[20:59:07 INFO]: TestBot was slain by Zombie Villager
[20:59:08 INFO]: ChatSpy was slain by Zombie
[20:59:15 INFO]: TestBot was slain by Zombie
[20:59:23 INFO]: ChatSpy was slain by Zombie
[20:59:26 INFO]: TestBot was slain by Slime
[20:59:35 INFO]: TestBot was slain by Spider
[20:59:35 INFO]: ChatSpy was slain by Zombie
[20:59:43 INFO]: TestBot was slain by Zombie
[20:59:45 INFO]: ChatSpy was slain by Zombie
[20:59:56 INFO]: ChatSpy was slain by Zombie
[21:00:01 INFO]: TestBot was slain by Zombie
[21:00:06 INFO]: ChatSpy was blown up by Creeper
[21:00:14 INFO]: TestBot was slain by Zombie
[21:00:17 INFO]: ChatSpy was slain by Slime
[21:00:22 INFO]: TestBot was slain by Zombie
[21:00:27 INFO]: ChatSpy was slain by Zombie
[21:00:28 INFO]: TestBot was slain by Zombie
[21:00:32 INFO]: ChatSpy was slain by Zombie
[21:00:39 INFO]: TestBot was slain by Zombie
[21:00:41 INFO]: ChatSpy was slain by Zombie
[21:00:51 INFO]: TestBot was slain by Zombie
[21:00:54 INFO]: ChatSpy was slain by Zombie
[21:01:00 INFO]: TestBot was slain by Zombie
[21:01:02 INFO]: ChatSpy was slain by Zombie
[21:01:11 INFO]: TestBot was slain by Zombie
[21:01:17 INFO]: ChatSpy was slain by Zombie
[21:01:28 INFO]: TestBot was slain by Slime
[21:01:40 INFO]: TestBot was slain by Slime
[21:01:51 INFO]: ChatSpy was slain by Slime
[21:01:56 INFO]: TestBot was slain by Slime
[21:02:08 INFO]: ChatSpy was slain by Slime
[21:02:24 INFO]: ChatSpy was slain by Slime
[21:02:31 INFO]: TestBot was slain by Slime
[21:02:45 INFO]: TestBot was slain by Slime
[21:02:58 INFO]: TestBot was slain by Slime
[21:03:02 INFO]: ChatSpy was slain by Slime
[21:03:11 INFO]: ChatSpy was slain by Slime
[21:03:20 INFO]: TestBot was slain by Slime
[21:03:29 INFO]: TestBot was slain by Slime
[21:03:49 INFO]: ChatSpy was slain by Slime
[21:03:49 INFO]: TestBot was slain by Slime
[21:04:03 INFO]: TestBot was slain by Slime
[21:04:13 INFO]: ChatSpy was slain by Slime
[21:04:25 INFO]: TestBot was slain by Slime
[21:04:30 INFO]: ChatSpy was slain by Slime
[21:04:46 INFO]: ChatSpy was slain by Slime
[21:05:00 INFO]: TestBot was slain by Slime
[21:05:07 INFO]: ChatSpy was slain by Slime
[21:05:13 INFO]: TestBot was slain by Slime
[21:05:21 INFO]: ChatSpy was slain by Slime
[21:05:24 INFO]: TestBot was slain by Slime
[21:05:34 INFO]: ChatSpy was slain by Slime
[21:05:37 INFO]: TestBot was slain by Slime
[21:05:52 INFO]: ChatSpy was slain by Slime
[21:06:01 INFO]: TestBot was slain by Slime
[21:06:02 INFO]: ChatSpy was slain by Slime
[21:06:08 INFO]: ChatSpy was slain by Slime
[21:06:20 INFO]: ChatSpy was slain by Slime
[21:06:24 INFO]: TestBot was slain by Slime
[21:06:30 INFO]: ChatSpy was slain by Slime
[21:06:41 INFO]: ChatSpy was slain by Slime
[21:06:58 INFO]: ChatSpy was slain by Slime
[21:07:13 INFO]: ChatSpy was slain by Slime
[21:07:27 INFO]: ChatSpy was slain by Slime
[21:07:39 INFO]: ChatSpy was slain by Slime
[21:07:49 INFO]: ChatSpy was slain by Slime
[21:07:57 INFO]: TestBot was slain by Slime
[21:07:59 INFO]: ChatSpy was slain by Slime
[21:08:13 INFO]: TestBot was slain by Slime
[21:08:15 INFO]: ChatSpy was slain by Slime
[21:08:31 INFO]: TestBot was slain by Slime
[21:08:38 INFO]: ChatSpy was slain by Slime
[21:08:45 INFO]: TestBot was slain by Slime
[21:08:51 INFO]: ChatSpy was slain by Slime
[21:09:00 INFO]: TestBot was slain by Slime
[21:09:03 INFO]: ChatSpy was slain by Slime
[21:09:10 INFO]: TestBot was slain by Slime
[21:09:24 INFO]: TestBot was slain by Slime
[21:09:40 INFO]: ChatSpy was slain by Slime
[21:09:42 INFO]: TestBot was slain by Slime
[21:09:50 INFO]: ChatSpy was slain by Slime
[21:10:00 INFO]: TestBot was slain by Slime
[21:10:07 INFO]: ChatSpy was slain by Slime
[21:10:11 INFO]: TestBot was slain by Slime
[21:10:18 INFO]: TestBot was slain by Slime
[21:10:21 INFO]: ChatSpy was slain by Slime
[21:10:25 INFO]: TestBot was slain by Slime
[21:10:45 INFO]: TestBot was slain by Slime
[21:10:49 INFO]: ChatSpy was slain by Slime
[21:10:57 INFO]: ChatSpy was slain by Slime
[21:10:57 INFO]: TestBot was slain by Slime
[21:11:07 INFO]: TestBot was slain by Slime
[21:11:10 INFO]: ChatSpy was slain by Slime
[21:11:19 INFO]: ChatSpy was slain by Slime
[21:11:20 INFO]: TestBot was slain by Slime
[21:11:28 INFO]: TestBot was slain by Slime
[21:11:47 INFO]: TestBot was slain by Slime
[21:11:48 INFO]: ChatSpy was slain by Slime
[21:11:57 INFO]: TestBot was slain by Slime
[21:12:04 INFO]: ChatSpy was slain by Slime
[21:12:10 INFO]: TestBot was slain by Slime
[21:12:16 INFO]: ChatSpy was slain by Slime
[21:12:24 INFO]: TestBot was slain by Slime
[21:12:28 INFO]: ChatSpy was slain by Slime
[21:12:40 INFO]: TestBot was slain by Slime
[21:12:48 INFO]: ChatSpy was slain by Slime
[21:12:53 INFO]: TestBot was slain by Slime
[21:13:00 INFO]: ChatSpy was slain by Slime
[21:13:10 INFO]: TestBot was slain by Slime
[21:13:12 INFO]: ChatSpy was slain by Slime
[21:13:19 INFO]: ChatSpy was slain by Slime
[21:13:27 INFO]: ChatSpy was slain by Zombie
[21:13:29 INFO]: TestBot was slain by Slime
[21:13:37 INFO]: ChatSpy was slain by Spider
[21:13:49 INFO]: ChatSpy was slain by Slime
[21:13:52 INFO]: TestBot was slain by Slime
[21:13:53 INFO]: ChatSpy was slain by Slime
[21:14:02 INFO]: TestBot was slain by Slime
[21:14:04 INFO]: ChatSpy was slain by Slime
[21:14:12 INFO]: TestBot was slain by Spider
[21:14:13 INFO]: ChatSpy was slain by Slime
[21:14:23 INFO]: ChatSpy was slain by Zombie
[21:14:33 INFO]: ChatSpy was slain by Zombie
[21:14:34 INFO]: TestBot was slain by Zombie
[21:14:38 INFO]: ChatSpy was slain by Slime
[21:14:44 INFO]: TestBot was slain by Zombie
[21:14:45 INFO]: ChatSpy was slain by Zombie
[21:14:51 INFO]: ChatSpy was slain by Slime
[21:14:55 INFO]: TestBot was slain by Zombie
[21:15:00 INFO]: TestBot was slain by Slime
[21:15:01 INFO]: ChatSpy was slain by Zombie
[21:15:05 INFO]: ChatSpy was slain by Slime
[21:15:09 INFO]: ChatSpy was slain by Slime
[21:15:10 INFO]: TestBot was slain by Zombie
[21:15:16 INFO]: ChatSpy was slain by Zombie
[21:15:20 INFO]: ChatSpy was slain by Zombie
[21:15:22 INFO]: TestBot was slain by Slime
[21:15:24 INFO]: ChatSpy was slain by Slime
[21:15:31 INFO]: ChatSpy was slain by Zombie
[21:15:36 INFO]: TestBot was slain by Zombie
[21:15:41 INFO]: ChatSpy was slain by Zombie
[21:15:49 INFO]: TestBot was slain by Zombie
[21:15:50 INFO]: ChatSpy was slain by Zombie
[21:15:55 INFO]: ChatSpy was slain by Zombie
[21:15:56 INFO]: TestBot was slain by Zombie
[21:16:03 INFO]: ChatSpy was slain by Zombie
[21:16:08 INFO]: TestBot was slain by Zombie
[21:16:09 INFO]: ChatSpy was slain by Slime
[21:16:21 INFO]: TestBot was slain by Slime
[21:16:25 INFO]: ChatSpy was slain by Zombie
[21:16:30 INFO]: TestBot was slain by Slime
[21:16:40 INFO]: TestBot was slain by Spider
[21:16:40 INFO]: ChatSpy was slain by Zombie
[21:16:53 INFO]: ChatSpy was slain by Slime
[21:16:54 INFO]: TestBot was slain by Zombie
[21:17:03 INFO]: ChatSpy was slain by Zombie
[21:17:09 INFO]: TestBot was blown up by Creeper
[21:17:15 INFO]: ChatSpy was slain by Zombie
[21:17:20 INFO]: TestBot was slain by Zombie
[21:17:25 INFO]: ChatSpy was slain by Zombie
[21:17:26 INFO]: TestBot was slain by Zombie
[21:17:35 INFO]: TestBot was slain by Zombie
[21:17:39 INFO]: ChatSpy was shot by Skeleton
[21:17:41 INFO]: TestBot was slain by Zombie
[21:17:52 INFO]: ChatSpy was slain by Zombie
[21:17:56 INFO]: TestBot was slain by Spider
[21:18:07 INFO]: ChatSpy was slain by Zombie
[21:18:12 INFO]: ChatSpy was blown up by Creeper
[21:18:14 INFO]: TestBot was slain by Zombie
[21:18:22 INFO]: ChatSpy was shot by Skeleton
[21:18:23 INFO]: TestBot was slain by Zombie
[21:18:30 INFO]: ChatSpy was slain by Zombie
[21:18:39 INFO]: TestBot was slain by Zombie
[21:18:43 INFO]: ChatSpy was slain by Zombie
[21:18:48 INFO]: TestBot was slain by Zombie
[21:18:54 INFO]: TestBot was blown up by Creeper
[21:18:56 INFO]: ChatSpy was shot by Skeleton
[21:19:01 INFO]: TestBot was slain by Zombie
[21:19:09 INFO]: ChatSpy was slain by Zombie
[21:19:18 INFO]: TestBot was slain by Zombie
[21:19:24 INFO]: TestBot was blown up by Creeper
[21:19:24 INFO]: ChatSpy was blown up by Creeper
[21:19:40 INFO]: TestBot was slain by Zombie
[21:19:55 INFO]: ChatSpy was shot by Skeleton
[21:19:58 INFO]: TestBot was slain by Zombie
[21:20:11 INFO]: TestBot was slain by Spider
[21:20:15 INFO]: ChatSpy was shot by Skeleton
[21:20:19 INFO]: TestBot was slain by Spider
[21:20:27 INFO]: TestBot was slain by Zombie
[21:20:35 INFO]: TestBot was slain by Zombie
[21:20:41 INFO]: ChatSpy was slain by Zombie
[21:20:43 INFO]: TestBot was slain by Zombie
[21:20:48 INFO]: ChatSpy was slain by Zombie
[21:20:57 INFO]: TestBot was slain by Zombie
[21:21:04 INFO]: ChatSpy was slain by Zombie
[21:21:11 INFO]: TestBot was slain by Zombie
[21:23:23 INFO]: ChatSpy was slain by Slime
[21:23:35 INFO]: TestBot was slain by Slime
[21:24:02 INFO]: TestBot was slain by Slime
[21:24:25 INFO]: TestBot was slain by Slime
[21:25:06 INFO]: TestBot was slain by Slime
[21:25:25 INFO]: ChatSpy was slain by Slime
[21:25:39 INFO]: ChatSpy was slain by Slime
[21:25:47 INFO]: TestBot was slain by Slime
[21:25:49 INFO]: ChatSpy was slain by Slime
[21:26:03 INFO]: ChatSpy was slain by Slime
[21:26:17 INFO]: TestBot was slain by Slime
[21:26:17 INFO]: ChatSpy was slain by Slime
[21:26:32 INFO]: ChatSpy was slain by Slime
[21:26:43 INFO]: TestBot was slain by Slime
[21:26:43 WARN]: ChatSpy moved wrongly!
[21:26:44 WARN]: ChatSpy moved wrongly!
[21:26:44 WARN]: ChatSpy moved wrongly!
[21:26:45 WARN]: ChatSpy moved wrongly!
[21:26:46 WARN]: ChatSpy moved wrongly!
[21:26:46 WARN]: ChatSpy moved wrongly!
[21:26:47 WARN]: ChatSpy moved wrongly!
[21:26:48 INFO]: ChatSpy was slain by Slime
[21:27:01 INFO]: TestBot was slain by Slime
[21:27:08 INFO]: TestBot was slain by Slime
[21:27:27 INFO]: ChatSpy was slain by Slime
[21:27:39 INFO]: ChatSpy was slain by Slime
[21:28:02 INFO]: ChatSpy was slain by Slime
[21:28:02 INFO]: TestBot was slain by Slime
[21:28:18 INFO]: TestBot was slain by Slime
[21:28:34 INFO]: TestBot was slain by Slime
[21:28:44 INFO]: ChatSpy was slain by Slime
[21:29:03 INFO]: TestBot was slain by Slime
[21:29:15 INFO]: TestBot was slain by Slime
[21:29:19 INFO]: ChatSpy was slain by Slime
[21:29:30 INFO]: ChatSpy was slain by Slime
[21:29:39 INFO]: TestBot was slain by Slime
[21:29:43 INFO]: ChatSpy was slain by Slime
[21:29:51 INFO]: TestBot was slain by Slime
[21:29:59 INFO]: ChatSpy was slain by Slime
[21:30:06 INFO]: TestBot was slain by Slime
[21:30:11 INFO]: ChatSpy was slain by Slime
[21:30:20 INFO]: TestBot was slain by Slime
[21:30:22 INFO]: ChatSpy was slain by Slime
[21:30:34 INFO]: ChatSpy was slain by Slime
[21:30:41 INFO]: TestBot was slain by Slime
[21:30:56 INFO]: TestBot was slain by Slime
[21:31:09 INFO]: TestBot was slain by Slime
[21:31:10 INFO]: ChatSpy was slain by Slime
[21:31:22 INFO]: ChatSpy was slain by Slime
[21:31:39 INFO]: TestBot was slain by Slime
[21:31:52 INFO]: TestBot was slain by Slime
[21:32:06 INFO]: ChatSpy was slain by Slime
[21:32:14 INFO]: TestBot was slain by Slime
[21:32:22 INFO]: ChatSpy was slain by Slime
[21:32:27 INFO]: ChatSpy was slain by Slime
[21:32:28 INFO]: TestBot was slain by Slime
[21:32:36 INFO]: TestBot was slain by Slime
[21:32:37 INFO]: ChatSpy was slain by Slime
[21:32:50 INFO]: ChatSpy was slain by Zombie
[21:32:57 INFO]: TestBot was slain by Zombie
[21:33:06 INFO]: ChatSpy was slain by Zombie
[21:33:09 INFO]: TestBot was slain by Zombie
[21:33:19 INFO]: TestBot was slain by Zombie
[21:33:21 INFO]: ChatSpy was blown up by Creeper
[21:33:25 INFO]: TestBot was slain by Zombie
[21:33:30 INFO]: TestBot was slain by Zombie
[21:33:35 INFO]: ChatSpy was slain by Zombie
[21:33:42 INFO]: ChatSpy was slain by Spider
[21:33:45 INFO]: TestBot was slain by Zombie
[21:33:49 INFO]: ChatSpy was slain by Zombie
[21:33:59 INFO]: TestBot was slain by Slime
[21:34:00 INFO]: ChatSpy was slain by Spider
[21:34:06 INFO]: ChatSpy was slain by Slime
[21:34:12 INFO]: TestBot was slain by Zombie
[21:34:13 INFO]: ChatSpy was slain by Slime
[21:34:22 INFO]: TestBot was slain by Slime
[21:34:30 INFO]: ChatSpy was slain by Zombie
[21:34:31 INFO]: TestBot was slain by Zombie
[21:34:39 INFO]: TestBot was slain by Zombie
[21:34:39 INFO]: ChatSpy was slain by Slime
[21:34:45 INFO]: ChatSpy was slain by Zombie
[21:34:48 INFO]: TestBot was slain by Zombie
[21:34:54 INFO]: TestBot was slain by Zombie
[21:34:54 INFO]: ChatSpy was slain by Spider
[21:35:06 INFO]: TestBot was slain by Zombie
[21:35:07 INFO]: ChatSpy was slain by Zombie
[21:35:13 INFO]: ChatSpy was slain by Slime
[21:35:17 INFO]: TestBot was slain by Zombie
[21:35:21 INFO]: ChatSpy was slain by Slime
[21:35:25 INFO]: TestBot was slain by Slime
[21:35:28 INFO]: ChatSpy was slain by Slime
[21:35:34 INFO]: ChatSpy was slain by Zombie
[21:35:36 INFO]: TestBot was slain by Zombie
[21:35:41 INFO]: ChatSpy was slain by Slime
[21:35:48 INFO]: TestBot was slain by Zombie
[21:35:49 INFO]: ChatSpy was slain by Slime
[21:35:56 INFO]: ChatSpy was blown up by Creeper
[21:36:00 INFO]: TestBot was slain by Zombie
[21:36:04 INFO]: ChatSpy was blown up by Creeper
[21:36:07 INFO]: TestBot was slain by Zombie
[21:36:14 INFO]: TestBot was blown up by Creeper
[21:36:17 INFO]: ChatSpy was slain by Zombie
[21:36:22 INFO]: TestBot was slain by Slime
[21:36:29 INFO]: ChatSpy was slain by Zombie
[21:36:34 INFO]: TestBot was slain by Spider
[21:36:39 INFO]: ChatSpy was slain by Zombie
[21:36:39 INFO]: TestBot was slain by Slime
[21:36:49 INFO]: TestBot was slain by Zombie
[21:36:55 INFO]: ChatSpy was slain by Spider
[21:37:02 INFO]: TestBot was slain by Zombie
[21:37:02 INFO]: ChatSpy was slain by Slime
[21:37:09 INFO]: TestBot was slain by Zombie
[21:37:13 INFO]: ChatSpy was slain by Zombie
[21:37:22 INFO]: TestBot was slain by Slime
[21:37:36 INFO]: ChatSpy was slain by Spider
[21:37:37 INFO]: TestBot was slain by Zombie
[21:37:45 INFO]: TestBot was slain by Zombie
[21:37:53 INFO]: ChatSpy was slain by Zombie
[21:37:54 INFO]: TestBot was slain by Spider
[21:38:04 INFO]: ChatSpy was slain by Zombie
[21:38:12 INFO]: TestBot was slain by Zombie
[21:38:14 INFO]: ChatSpy was slain by Spider
[21:38:22 INFO]: TestBot was slain by Zombie
[21:38:24 INFO]: ChatSpy was slain by Spider
[21:38:33 INFO]: TestBot was slain by Zombie
[21:38:35 INFO]: ChatSpy was slain by Spider
[21:38:46 INFO]: ChatSpy was blown up by Creeper
[21:38:46 INFO]: TestBot was slain by Zombie
[21:38:55 INFO]: TestBot was slain by Zombie
[21:39:05 INFO]: ChatSpy was blown up by Creeper
[21:39:08 INFO]: TestBot was slain by Zombie
[21:39:16 INFO]: ChatSpy was slain by Zombie
[21:39:21 INFO]: TestBot was slain by Zombie
[21:39:26 INFO]: ChatSpy was slain by Spider
[21:39:33 INFO]: TestBot was slain by Zombie
[21:39:41 INFO]: ChatSpy was slain by Zombie
[21:39:42 INFO]: TestBot was slain by Zombie
[21:39:52 INFO]: TestBot was slain by Zombie
[21:39:53 INFO]: ChatSpy was slain by Zombie
[21:40:00 INFO]: TestBot was slain by Zombie
[21:40:07 INFO]: ChatSpy was slain by Zombie
[21:40:13 INFO]: TestBot was slain by Zombie
[21:40:17 INFO]: ChatSpy was slain by Zombie
[21:40:23 INFO]: TestBot was slain by Zombie
[21:40:26 INFO]: ChatSpy was slain by Zombie
[21:40:31 INFO]: TestBot was slain by Zombie
[21:40:36 INFO]: ChatSpy was slain by Zombie
[21:40:43 INFO]: TestBot was slain by Zombie
[21:40:47 INFO]: ChatSpy was slain by Zombie
[21:40:54 INFO]: TestBot was slain by Zombie
[21:40:59 INFO]: ChatSpy was slain by Zombie
[21:41:03 INFO]: TestBot was slain by Zombie
[21:41:08 INFO]: ChatSpy was slain by Zombie
[21:41:14 INFO]: TestBot was slain by Zombie
[21:41:16 INFO]: ChatSpy was slain by Zombie
[21:41:46 INFO]: TestBot was slain by Slime
[21:42:16 INFO]: ChatSpy was slain by Slime
[21:42:43 INFO]: TestBot was slain by Slime
[21:43:35 INFO]: TestBot was slain by Slime
[21:44:12 INFO]: TestBot was slain by Slime
[21:44:55 INFO]: TestBot was slain by Slime
[21:45:15 INFO]: TestBot was slain by Slime
[21:45:28 INFO]: TestBot was slain by Slime
[21:45:33 INFO]: ChatSpy was slain by Slime
[21:45:45 INFO]: ChatSpy was slain by Slime
[21:46:09 INFO]: TestBot was slain by Slime
[21:46:53 INFO]: ChatSpy was slain by Slime
[21:47:04 INFO]: ChatSpy was slain by Slime
[21:47:26 INFO]: TestBot was slain by Slime
[21:47:30 INFO]: ChatSpy was slain by Slime
[21:48:08 INFO]: ChatSpy was slain by Slime
[21:48:23 INFO]: TestBot was slain by Slime
[21:48:35 INFO]: ChatSpy was slain by Slime
[21:48:55 INFO]: TestBot was slain by Slime
[21:50:30 INFO]: ChatSpy was slain by Slime
[21:50:52 INFO]: TestBot was slain by Slime
[21:51:04 INFO]: TestBot was slain by Slime
[21:52:58 INFO]: ChatSpy was slain by Slime
[21:53:12 INFO]: ChatSpy was slain by Slime
[21:53:23 INFO]: ChatSpy was slain by Spider
[21:53:34 INFO]: ChatSpy was slain by Spider
[21:53:39 INFO]: TestBot was slain by Zombie
[21:53:47 INFO]: ChatSpy was slain by Zombie
[21:53:51 INFO]: TestBot was slain by Spider
[21:53:58 INFO]: ChatSpy was slain by Spider
[21:54:06 INFO]: ChatSpy was slain by Zombie
[21:54:07 INFO]: TestBot was blown up by Creeper
[21:54:14 INFO]: TestBot was slain by Zombie
[21:54:15 INFO]: ChatSpy was slain by Zombie
[21:54:25 INFO]: TestBot was slain by Zombie
[21:54:26 INFO]: ChatSpy was slain by Zombie
[21:54:31 INFO]: TestBot was slain by Slime
[21:54:36 INFO]: ChatSpy was slain by Zombie
[21:54:39 INFO]: TestBot was slain by Zombie
[21:54:46 INFO]: ChatSpy was slain by Zombie
[21:54:55 INFO]: TestBot was slain by Zombie
[21:54:56 INFO]: ChatSpy was slain by Zombie
[21:55:04 INFO]: TestBot was slain by Spider
[21:55:05 INFO]: ChatSpy was slain by Zombie
[21:55:09 INFO]: TestBot was blown up by Creeper
[21:55:17 INFO]: ChatSpy was slain by Zombie
[21:55:19 INFO]: TestBot was slain by Zombie
[21:55:25 INFO]: ChatSpy was slain by Zombie
[21:55:30 INFO]: TestBot was slain by Zombie
[21:55:31 INFO]: ChatSpy was slain by Zombie
[21:55:34 INFO]: TestBot was blown up by Creeper
[21:55:43 INFO]: ChatSpy was slain by Zombie
[21:55:50 INFO]: TestBot was slain by Zombie
[21:55:54 INFO]: ChatSpy was slain by Zombie
[21:56:03 INFO]: TestBot was slain by Zombie
[21:56:05 INFO]: ChatSpy was slain by Zombie
[21:56:13 INFO]: ChatSpy was slain by Zombie
[21:56:15 INFO]: TestBot was slain by Zombie
[21:56:21 INFO]: ChatSpy was slain by Slime
[21:56:26 INFO]: TestBot was shot by Skeleton
[21:56:31 INFO]: ChatSpy was slain by Zombie
[21:56:38 INFO]: TestBot was slain by Zombie
[21:56:39 INFO]: ChatSpy was slain by Zombie
[21:56:49 INFO]: ChatSpy was blown up by Creeper
[21:56:53 INFO]: TestBot was slain by Slime
[21:57:00 INFO]: ChatSpy was slain by Zombie
[21:57:05 INFO]: TestBot was slain by Spider
[21:57:15 INFO]: ChatSpy was slain by Zombie
[21:57:19 INFO]: TestBot was slain by Zombie
[21:57:23 INFO]: ChatSpy was slain by Zombie
[21:57:25 INFO]: TestBot was blown up by Creeper
[21:57:33 INFO]: ChatSpy was slain by Zombie
[21:57:45 INFO]: TestBot was slain by Zombie
[21:57:46 INFO]: ChatSpy was slain by Spider
[21:57:53 INFO]: ChatSpy was shot by Skeleton
[21:58:00 INFO]: TestBot was slain by Zombie
[21:58:07 INFO]: ChatSpy was slain by Zombie
[21:58:08 INFO]: TestBot was slain by Zombie
[21:58:17 INFO]: ChatSpy was slain by Zombie
[21:58:18 INFO]: TestBot was slain by Zombie
[21:58:24 INFO]: TestBot was slain by Zombie
[21:58:30 INFO]: ChatSpy was slain by Zombie
[21:58:34 INFO]: TestBot was slain by Zombie Villager
[21:58:41 INFO]: ChatSpy was shot by Skeleton
[21:58:44 INFO]: TestBot was slain by Zombie
[21:58:48 INFO]: ChatSpy was slain by Zombie
[21:58:54 INFO]: TestBot was slain by Zombie Villager
[21:58:55 INFO]: ChatSpy was slain by Spider
[21:59:08 INFO]: TestBot was shot by Skeleton
[21:59:09 INFO]: ChatSpy was killed by Witch using magic
[21:59:20 INFO]: ChatSpy was slain by Zombie
[21:59:23 INFO]: TestBot was slain by Zombie Villager
[21:59:30 INFO]: ChatSpy was slain by Zombie
[21:59:38 INFO]: TestBot was slain by Zombie Villager
[21:59:40 INFO]: ChatSpy was slain by Spider
[21:59:48 INFO]: TestBot was slain by Zombie
[21:59:49 INFO]: ChatSpy was slain by Zombie
[21:59:56 INFO]: ChatSpy was slain by Zombie
[21:59:57 INFO]: TestBot was shot by Skeleton
[22:00:06 INFO]: TestBot was slain by Zombie
[22:00:10 INFO]: ChatSpy was slain by Zombie
[22:00:18 INFO]: TestBot was slain by Zombie
[22:00:24 INFO]: ChatSpy was slain by Zombie
[22:00:30 INFO]: TestBot was slain by Zombie
[22:00:36 INFO]: ChatSpy was slain by Zombie
[22:00:42 INFO]: TestBot was slain by Zombie
[22:00:48 INFO]: ChatSpy was slain by Zombie
[22:00:53 INFO]: TestBot was slain by Zombie
[22:00:57 INFO]: ChatSpy was slain by Zombie
[22:01:02 INFO]: TestBot was slain by Zombie
[22:01:05 INFO]: ChatSpy was slain by Zombie
[22:01:09 INFO]: TestBot was slain by Zombie
[22:01:14 INFO]: ChatSpy was slain by Zombie
[22:01:20 INFO]: TestBot was slain by Zombie
[22:01:24 INFO]: ChatSpy was slain by Zombie
[22:01:35 INFO]: ChatSpy was slain by Zombie
[22:01:35 INFO]: TestBot was slain by Zombie
[22:01:46 INFO]: ChatSpy was slain by Zombie
[22:01:49 INFO]: TestBot was slain by Zombie
[22:01:58 INFO]: TestBot was slain by Zombie
[22:01:59 INFO]: ChatSpy was slain by Zombie
[22:02:10 INFO]: TestBot was slain by Zombie
[22:02:12 INFO]: ChatSpy was slain by Zombie
[22:02:20 INFO]: TestBot was slain by Zombie
[22:02:22 INFO]: ChatSpy was shot by Skeleton
[22:02:35 INFO]: TestBot was slain by Zombie
[22:02:35 INFO]: ChatSpy was slain by Zombie
[22:02:44 INFO]: ChatSpy was slain by Zombie
[22:02:47 INFO]: TestBot was slain by Zombie
[22:02:53 INFO]: ChatSpy was slain by Zombie
[22:03:28 INFO]: TestBot was slain by Slime
[22:03:34 INFO]: ChatSpy was slain by Slime
[22:03:46 INFO]: TestBot was slain by Slime
[22:03:52 INFO]: ChatSpy was slain by Slime
[22:03:59 INFO]: TestBot was slain by Slime
[22:04:09 INFO]: TestBot was slain by Slime
[22:04:23 INFO]: TestBot was slain by Slime
[22:04:38 INFO]: TestBot was slain by Slime
[22:04:54 INFO]: TestBot was slain by Slime
[22:05:16 INFO]: ChatSpy was slain by Slime
[22:05:27 INFO]: ChatSpy was slain by Slime
[22:05:42 INFO]: ChatSpy was slain by Slime
[22:05:52 INFO]: ChatSpy was slain by Slime
[22:06:00 INFO]: TestBot was slain by Slime
[22:06:10 INFO]: TestBot was slain by Slime
[22:06:19 INFO]: TestBot was slain by Slime
[22:06:27 INFO]: ChatSpy was slain by Slime
[22:06:28 INFO]: TestBot was slain by Slime
[22:06:38 INFO]: TestBot was slain by Slime
[22:06:46 INFO]: TestBot was slain by Slime
[22:07:07 INFO]: ChatSpy was slain by Slime
[22:07:19 INFO]: TestBot was slain by Slime
[22:07:23 INFO]: ChatSpy was slain by Slime
[22:07:33 INFO]: TestBot was slain by Slime
[22:07:35 INFO]: ChatSpy was slain by Slime
[22:07:45 INFO]: TestBot was slain by Slime
[22:07:50 INFO]: ChatSpy was slain by Slime
[22:07:57 INFO]: TestBot was slain by Slime
[22:08:24 INFO]: TestBot was slain by Slime
[22:08:25 INFO]: ChatSpy was slain by Slime
[22:08:35 INFO]: TestBot was slain by Slime
[22:08:42 INFO]: ChatSpy was slain by Slime
[22:08:46 INFO]: TestBot was slain by Slime
[22:08:59 INFO]: TestBot was slain by Slime
[22:09:01 INFO]: ChatSpy was slain by Slime
[22:09:22 INFO]: TestBot was slain by Slime
[22:09:26 INFO]: ChatSpy was slain by Slime
[22:09:36 INFO]: ChatSpy was slain by Slime
[22:09:39 INFO]: TestBot was slain by Slime
[22:09:52 INFO]: ChatSpy was slain by Slime
[22:09:53 INFO]: TestBot was slain by Slime
[22:10:01 INFO]: ChatSpy was slain by Slime
[22:10:29 INFO]: TestBot was slain by Slime
[22:10:46 INFO]: TestBot was slain by Slime
[22:10:57 INFO]: ChatSpy was slain by Slime
[22:11:01 INFO]: TestBot was slain by Slime
[22:11:10 INFO]: ChatSpy was slain by Slime
[22:11:19 INFO]: TestBot was slain by Slime
[22:11:21 INFO]: ChatSpy was slain by Slime
[22:11:36 INFO]: ChatSpy was slain by Slime
[22:11:45 INFO]: ChatSpy was slain by Slime
[22:11:52 INFO]: TestBot was slain by Slime
[22:11:56 INFO]: ChatSpy was slain by Slime
[22:12:10 INFO]: TestBot was slain by Slime
[22:12:21 INFO]: TestBot was slain by Slime
[22:12:23 INFO]: ChatSpy was slain by Slime
[22:12:31 INFO]: ChatSpy was slain by Slime
[22:12:37 INFO]: TestBot was slain by Slime
[22:12:42 INFO]: ChatSpy was slain by Slime
[22:12:46 INFO]: TestBot was slain by Slime
[22:12:57 INFO]: TestBot was slain by Slime
[22:12:58 INFO]: ChatSpy was slain by Zombie
[22:13:06 INFO]: TestBot was slain by Slime
[22:13:11 INFO]: ChatSpy was slain by Zombie
[22:13:19 INFO]: TestBot was slain by Zombie
[22:13:22 INFO]: ChatSpy was slain by Slime
[22:13:31 INFO]: ChatSpy was shot by Skeleton
[22:13:32 INFO]: TestBot was slain by Slime
[22:13:37 INFO]: ChatSpy was blown up by Creeper
[22:13:41 INFO]: TestBot was slain by Zombie
[22:13:47 INFO]: TestBot was slain by Slime
[22:13:50 INFO]: ChatSpy was slain by Zombie
[22:13:59 INFO]: TestBot was slain by Zombie
[22:14:02 INFO]: ChatSpy was slain by Zombie
[22:14:13 INFO]: ChatSpy was slain by Zombie
[22:14:14 INFO]: TestBot was slain by Zombie
[22:14:22 INFO]: TestBot was slain by Zombie
[22:14:22 INFO]: ChatSpy was slain by Zombie
[22:14:27 INFO]: TestBot was slain by Zombie
[22:14:32 INFO]: ChatSpy was blown up by Creeper
[22:14:41 INFO]: TestBot was slain by Zombie
[22:14:44 INFO]: ChatSpy was slain by Zombie
[22:14:51 INFO]: TestBot was slain by Zombie
[22:14:55 INFO]: TestBot was blown up by Creeper
[22:14:55 INFO]: ChatSpy was slain by Zombie
[22:15:01 INFO]: ChatSpy was slain by Zombie
[22:15:02 INFO]: TestBot was slain by Spider
[22:15:13 INFO]: ChatSpy was slain by Spider
[22:15:14 INFO]: TestBot was slain by Zombie
[22:15:19 INFO]: ChatSpy was blown up by Creeper
[22:15:20 INFO]: TestBot was slain by Spider
[22:15:28 INFO]: ChatSpy was slain by Zombie
[22:15:32 INFO]: TestBot was slain by Zombie
[22:15:35 INFO]: ChatSpy was slain by Zombie
[22:15:42 INFO]: TestBot was slain by Spider
[22:15:43 INFO]: ChatSpy was slain by Zombie
[22:15:49 INFO]: TestBot was slain by Zombie
[22:15:49 INFO]: ChatSpy was slain by Zombie
[22:15:56 INFO]: ChatSpy was blown up by Creeper
[22:15:56 INFO]: TestBot was slain by Zombie
[22:16:05 INFO]: TestBot was slain by Zombie
[22:16:09 INFO]: ChatSpy was slain by Zombie
[22:16:14 INFO]: TestBot was slain by Zombie
[22:16:19 INFO]: ChatSpy was slain by Zombie
[22:16:27 INFO]: TestBot was slain by Zombie
[22:16:34 INFO]: ChatSpy was blown up by Creeper
[22:16:39 INFO]: TestBot was shot by Skeleton
[22:16:47 INFO]: ChatSpy was blown up by Creeper
[22:16:48 INFO]: TestBot was slain by Zombie
[22:16:53 INFO]: TestBot was slain by Zombie
[22:17:01 INFO]: TestBot was slain by Zombie
[22:17:11 INFO]: TestBot was slain by Zombie
[22:17:12 INFO]: ChatSpy was slain by Slime
[22:17:19 INFO]: TestBot was slain by Zombie
[22:17:30 INFO]: ChatSpy was slain by Zombie
[22:17:31 INFO]: TestBot was slain by Zombie
[22:17:39 INFO]: ChatSpy was slain by Zombie
[22:17:42 INFO]: TestBot was slain by Zombie
[22:17:49 INFO]: ChatSpy was slain by Zombie
[22:17:50 INFO]: TestBot was slain by Zombie
[22:17:57 INFO]: ChatSpy was slain by Zombie
[22:17:57 INFO]: TestBot was slain by Zombie
[22:18:03 INFO]: ChatSpy was slain by Zombie
[22:18:07 INFO]: TestBot was slain by Zombie
[22:18:14 INFO]: ChatSpy was slain by Spider
[22:18:14 INFO]: TestBot was blown up by Creeper
[22:18:20 INFO]: ChatSpy was slain by Zombie
[22:18:24 INFO]: TestBot was slain by Spider
[22:18:27 INFO]: ChatSpy was slain by Spider
[22:18:36 INFO]: TestBot was slain by Zombie
[22:18:36 INFO]: ChatSpy was slain by Zombie
[22:18:44 INFO]: TestBot was blown up by Creeper
[22:18:47 INFO]: ChatSpy was slain by Zombie
[22:18:54 INFO]: ChatSpy was slain by Zombie
[22:18:57 INFO]: TestBot was slain by Zombie
[22:19:06 INFO]: ChatSpy was slain by Zombie
[22:19:08 INFO]: TestBot was slain by Zombie
[22:19:18 INFO]: ChatSpy was slain by Zombie
[22:19:22 INFO]: TestBot was slain by Spider
[22:19:26 INFO]: ChatSpy was slain by Zombie
[22:19:32 INFO]: TestBot was blown up by Creeper
[22:19:36 INFO]: ChatSpy was slain by Zombie
[22:19:40 INFO]: TestBot was slain by Zombie
[22:19:49 INFO]: TestBot was slain by Zombie
[22:19:50 INFO]: ChatSpy was slain by Zombie
[22:19:57 INFO]: TestBot was slain by Zombie
[22:20:02 INFO]: ChatSpy was slain by Zombie
[22:20:07 INFO]: TestBot was slain by Zombie
[22:20:14 INFO]: TestBot was slain by Zombie
[22:20:23 INFO]: ChatSpy was slain by Zombie
[22:20:24 INFO]: TestBot was slain by Zombie
[22:20:36 INFO]: TestBot was slain by Zombie
[22:20:38 INFO]: ChatSpy was slain by Zombie
[22:20:48 INFO]: TestBot was blown up by Creeper
[22:20:52 INFO]: ChatSpy was slain by Zombie
[22:21:02 INFO]: ChatSpy was slain by Zombie
[22:21:15 INFO]: ChatSpy was slain by Zombie
[22:21:45 INFO]: TestBot was blown up by Creeper
[22:33:06 INFO]: TestBot was slain by Zombie
[22:33:10 INFO]: ChatSpy was blown up by Creeper
[22:33:17 INFO]: TestBot was slain by Zombie
[22:33:24 INFO]: ChatSpy was killed by Witch using magic
[22:33:24 INFO]: TestBot was slain by Zombie
[22:33:36 INFO]: ChatSpy was slain by Zombie
[22:33:45 INFO]: TestBot was shot by Skeleton
[22:33:45 INFO]: ChatSpy was slain by Zombie
[22:33:53 INFO]: TestBot was slain by Zombie
[22:33:58 INFO]: ChatSpy was slain by Zombie
[22:34:12 INFO]: ChatSpy was slain by Zombie
[22:34:15 INFO]: TestBot was slain by Spider
[22:34:23 INFO]: TestBot was slain by Zombie
[22:34:27 INFO]: ChatSpy was shot by Skeleton
[22:34:38 INFO]: TestBot was slain by Spider
[22:34:41 INFO]: ChatSpy was slain by Zombie
[22:34:47 INFO]: TestBot was slain by Spider
[22:34:54 INFO]: TestBot was slain by Zombie
[22:34:56 INFO]: ChatSpy was slain by Zombie
[22:35:03 INFO]: TestBot was blown up by Creeper
[22:35:07 INFO]: ChatSpy was blown up by Creeper
[22:35:15 INFO]: TestBot was slain by Zombie
[22:35:23 INFO]: ChatSpy was slain by Spider
[22:35:38 INFO]: ChatSpy was slain by Zombie
[22:35:39 INFO]: TestBot was slain by Zombie
[22:35:49 INFO]: TestBot was slain by Zombie
[22:35:50 INFO]: ChatSpy was slain by Spider
[22:36:02 INFO]: TestBot was slain by Zombie
[22:36:04 INFO]: ChatSpy was shot by Skeleton
[22:36:10 INFO]: TestBot was blown up by Creeper
[22:36:16 INFO]: ChatSpy was slain by Spider
[22:36:23 INFO]: TestBot was shot by Skeleton
[22:36:26 INFO]: ChatSpy was shot by Skeleton
[22:36:30 INFO]: TestBot was slain by Zombie
[22:36:39 INFO]: TestBot was slain by Zombie Villager
[22:36:47 INFO]: ChatSpy was shot by Skeleton
[22:37:01 INFO]: ChatSpy was slain by Spider
[22:37:04 INFO]: TestBot was shot by Skeleton
[22:37:20 INFO]: ChatSpy was shot by Skeleton
[22:37:20 INFO]: TestBot was slain by Zombie
[22:37:32 INFO]: ChatSpy was slain by Spider
[22:37:34 INFO]: TestBot was slain by Spider
[22:37:40 INFO]: ChatSpy was blown up by Creeper
[22:37:48 INFO]: TestBot was slain by Spider
[22:37:53 INFO]: ChatSpy was slain by Spider
[22:38:04 INFO]: TestBot was shot by Skeleton
[22:38:07 INFO]: ChatSpy was slain by Spider
[22:38:14 INFO]: TestBot was blown up by Creeper
[22:38:23 INFO]: ChatSpy was slain by Zombie
[22:38:26 INFO]: TestBot was slain by Zombie
[22:38:33 INFO]: ChatSpy was slain by Zombie
[22:38:37 INFO]: TestBot was slain by Zombie
[22:38:42 INFO]: ChatSpy was slain by Zombie
[22:38:46 INFO]: TestBot was slain by Zombie
[22:38:47 INFO]: ChatSpy was slain by Spider
[22:38:56 INFO]: TestBot was slain by Enderman
[22:39:00 INFO]: ChatSpy was slain by Spider
[22:39:04 INFO]: TestBot was slain by Zombie
[22:39:08 INFO]: ChatSpy was slain by Zombie
[22:39:13 INFO]: ChatSpy was slain by Zombie
[22:39:16 INFO]: TestBot was slain by Zombie
[22:39:21 INFO]: ChatSpy was slain by Zombie
[22:39:24 INFO]: TestBot was blown up by Creeper
[22:39:27 INFO]: ChatSpy was slain by Spider
[22:39:32 INFO]: ChatSpy was slain by Zombie
[22:39:33 INFO]: TestBot was blown up by Creeper
[22:39:40 INFO]: ChatSpy was slain by Zombie
[22:39:41 INFO]: TestBot was blown up by Creeper
[22:39:50 INFO]: TestBot was blown up by Creeper
[22:39:50 INFO]: ChatSpy was slain by Zombie
[22:40:03 INFO]: ChatSpy was slain by Zombie
[22:40:06 INFO]: TestBot was shot by Skeleton
[22:40:14 INFO]: ChatSpy was slain by Spider
[22:40:19 INFO]: TestBot was slain by Zombie
[22:40:27 INFO]: ChatSpy was slain by Zombie
[22:40:31 INFO]: TestBot was blown up by Creeper
[22:40:34 INFO]: ChatSpy was slain by Zombie
[22:40:43 INFO]: ChatSpy was slain by Zombie
[22:40:45 INFO]: TestBot was slain by Zombie
[22:40:53 INFO]: ChatSpy was slain by Zombie
[22:40:59 INFO]: TestBot was slain by Zombie
[22:41:05 INFO]: ChatSpy was slain by Zombie
[22:41:12 INFO]: TestBot was slain by Spider
[22:41:13 INFO]: ChatSpy was slain by Zombie
[22:45:26 INFO]: TestBot was slain by Slime
[22:45:45 INFO]: ChatSpy was slain by Slime
[22:46:00 INFO]: ChatSpy was slain by Slime
[22:46:16 INFO]: ChatSpy was slain by Slime
[22:46:23 INFO]: ChatSpy was slain by Slime
[22:47:21 INFO]: ChatSpy was slain by Slime
[22:47:22 INFO]: TestBot was slain by Slime
[22:47:35 INFO]: ChatSpy was slain by Slime
[22:47:37 INFO]: TestBot was slain by Slime
[22:47:46 INFO]: TestBot was slain by Slime
[22:47:47 INFO]: ChatSpy was slain by Slime
[22:48:01 INFO]: ChatSpy was slain by Slime
[22:48:06 INFO]: TestBot was slain by Slime
[22:48:16 INFO]: ChatSpy was slain by Slime
[22:48:20 INFO]: TestBot was slain by Slime
[22:48:40 INFO]: TestBot was slain by Slime
[22:48:49 INFO]: TestBot was slain by Slime
[22:49:01 INFO]: TestBot was slain by Slime
[22:49:07 INFO]: ChatSpy was slain by Slime
[22:49:19 INFO]: TestBot was slain by Slime
[22:49:26 INFO]: ChatSpy was slain by Slime
[22:49:41 INFO]: TestBot was slain by Slime
[22:49:56 INFO]: ChatSpy was slain by Slime
[22:49:57 INFO]: TestBot was slain by Slime
[22:50:10 INFO]: TestBot was slain by Slime
[22:50:19 INFO]: TestBot was slain by Slime
[22:50:33 INFO]: TestBot was slain by Slime
[22:50:40 INFO]: ChatSpy was slain by Slime
[22:50:44 INFO]: TestBot was slain by Slime
[22:50:54 INFO]: ChatSpy was slain by Slime
[22:50:58 INFO]: TestBot was slain by Slime
[22:51:06 INFO]: ChatSpy was slain by Slime
[22:51:13 INFO]: ChatSpy was slain by Slime
[22:51:27 INFO]: ChatSpy was slain by Slime
[22:51:36 INFO]: TestBot was slain by Slime
[22:51:40 INFO]: ChatSpy was slain by Slime
[22:51:47 INFO]: TestBot was slain by Slime
[22:51:54 INFO]: TestBot was slain by Slime
[22:51:56 INFO]: ChatSpy was slain by Slime
[22:52:03 INFO]: TestBot was slain by Slime
[22:52:17 INFO]: TestBot was slain by Slime
[22:52:20 INFO]: ChatSpy was slain by Slime
[22:52:27 INFO]: TestBot was slain by Slime
[22:52:37 INFO]: TestBot was slain by Slime
[22:52:51 INFO]: ChatSpy was slain by Slime
[22:52:53 INFO]: TestBot was slain by Slime
[22:53:05 INFO]: ChatSpy was slain by Zombie
[22:53:10 INFO]: ChatSpy was slain by Slime
[22:53:12 INFO]: TestBot was slain by Zombie
[22:53:20 INFO]: TestBot was slain by Zombie
[22:53:20 INFO]: ChatSpy was slain by Zombie
[22:53:27 INFO]: TestBot was slain by Slime
[22:53:30 INFO]: ChatSpy was slain by Slime
[22:53:35 INFO]: TestBot was slain by Slime
[22:53:46 INFO]: TestBot was slain by Slime
[22:53:46 INFO]: ChatSpy was slain by Zombie
[22:54:02 INFO]: TestBot was slain by Zombie
[22:54:06 INFO]: ChatSpy was slain by Zombie
[22:54:13 INFO]: TestBot was slain by Slime
[22:54:19 INFO]: TestBot was blown up by Creeper
[22:54:19 INFO]: ChatSpy was slain by Zombie
[22:54:27 INFO]: ChatSpy was slain by Zombie
[22:54:29 INFO]: TestBot was slain by Zombie
[22:54:35 INFO]: TestBot was slain by Zombie
[22:54:39 INFO]: ChatSpy was slain by Slime
[22:54:42 INFO]: TestBot was slain by Zombie Villager
[22:54:49 INFO]: ChatSpy was slain by Zombie
[22:54:55 INFO]: TestBot was slain by Slime
[22:54:58 INFO]: ChatSpy was slain by Spider
[22:55:07 INFO]: ChatSpy was slain by Spider
[22:55:07 INFO]: TestBot was slain by Spider
[22:55:11 INFO]: ChatSpy was slain by Zombie
[22:55:20 INFO]: TestBot was slain by Zombie
[22:55:21 INFO]: ChatSpy was slain by Slime
[22:55:27 INFO]: ChatSpy was slain by Slime
[22:55:32 INFO]: TestBot was slain by Zombie Villager
[22:55:35 INFO]: ChatSpy was slain by Slime
[22:55:51 INFO]: ChatSpy was slain by Zombie Villager
[22:55:56 INFO]: TestBot was slain by Slime
[22:56:00 INFO]: ChatSpy was slain by Zombie Villager
[22:56:07 INFO]: ChatSpy was slain by Slime
[22:56:10 INFO]: TestBot was slain by Zombie
[22:56:17 INFO]: ChatSpy was shot by Skeleton
[22:56:24 INFO]: TestBot was slain by Zombie
[22:56:32 INFO]: TestBot was blown up by Creeper
[22:56:34 INFO]: ChatSpy was slain by Zombie
[22:56:43 INFO]: TestBot was slain by Zombie
[22:56:50 INFO]: ChatSpy was slain by Zombie
[22:56:53 INFO]: TestBot was shot by Skeleton
[22:57:01 INFO]: ChatSpy was slain by Zombie
[22:57:12 INFO]: ChatSpy was shot by Skeleton
[22:57:13 INFO]: TestBot was slain by Zombie
[22:57:22 INFO]: TestBot was slain by Zombie
[22:57:31 INFO]: ChatSpy was slain by Zombie
[22:57:33 INFO]: TestBot was slain by Zombie
[22:57:43 INFO]: ChatSpy was blown up by Creeper
[22:57:44 INFO]: TestBot was slain by Zombie
[22:57:53 INFO]: TestBot was slain by Zombie
[22:58:01 INFO]: ChatSpy was slain by Spider
[22:58:01 INFO]: TestBot was slain by Zombie
[22:58:07 INFO]: ChatSpy was blown up by Creeper
[22:58:09 INFO]: TestBot was slain by Zombie
[22:58:15 INFO]: TestBot was shot by Skeleton
[22:58:21 INFO]: ChatSpy was slain by Zombie
[22:58:23 INFO]: TestBot was slain by Zombie
[22:58:29 INFO]: TestBot was slain by Zombie
[22:58:33 INFO]: ChatSpy was slain by Zombie
[22:58:41 INFO]: TestBot was slain by Zombie
[22:58:47 INFO]: ChatSpy was shot by Skeleton
[22:58:52 INFO]: TestBot was slain by Spider
[22:58:55 INFO]: ChatSpy was slain by Zombie
[22:59:04 INFO]: ChatSpy was slain by Zombie
[22:59:06 INFO]: TestBot was slain by Zombie
[22:59:16 INFO]: ChatSpy was slain by Zombie
[22:59:31 INFO]: ChatSpy was slain by Zombie
[22:59:35 INFO]: TestBot was slain by Zombie
[22:59:39 INFO]: ChatSpy was slain by Zombie
[22:59:47 INFO]: ChatSpy was slain by Zombie
[22:59:54 INFO]: ChatSpy was shot by Skeleton
[23:00:01 INFO]: TestBot was blown up by Creeper
[23:00:03 INFO]: ChatSpy was slain by Zombie
[23:00:12 INFO]: TestBot was slain by Zombie
[23:00:15 INFO]: ChatSpy was slain by Zombie
[23:00:26 INFO]: ChatSpy was slain by Zombie
[23:00:39 INFO]: ChatSpy was slain by Zombie
[23:00:42 INFO]: TestBot was slain by Zombie
[23:00:48 INFO]: ChatSpy was slain by Zombie
[23:01:00 INFO]: ChatSpy was slain by Zombie
[23:01:01 INFO]: TestBot was slain by Zombie
[23:01:09 INFO]: ChatSpy was slain by Zombie
[23:01:14 INFO]: ChatSpy was blown up by Creeper
[23:01:21 INFO]: TestBot was slain by Zombie
[23:01:32 INFO]: TestBot was slain by Zombie
[23:01:59 INFO]: TestBot was slain by Zombie
[23:02:10 INFO]: TestBot was slain by Zombie
[23:02:19 INFO]: ChatSpy was shot by Skeleton
[23:02:21 INFO]: TestBot was slain by Zombie
[23:02:39 INFO]: TestBot was shot by Skeleton
[23:04:03 INFO]: TestBot was shot by Skeleton
[23:05:28 INFO]: ChatSpy was shot by Skeleton
[23:06:32 INFO]: ChatSpy was slain by Slime
[23:06:44 INFO]: ChatSpy was slain by Slime
[23:06:53 INFO]: TestBot was slain by Slime
[23:06:58 INFO]: ChatSpy was slain by Slime
[23:07:07 INFO]: TestBot was slain by Slime
[23:07:24 INFO]: TestBot was slain by Slime
[23:07:37 INFO]: TestBot was slain by Slime
[23:07:46 INFO]: TestBot was slain by Slime
[23:07:48 INFO]: ChatSpy was slain by Slime
[23:09:15 INFO]: ChatSpy was slain by Slime
[23:09:18 INFO]: TestBot was slain by Slime
[23:09:30 INFO]: TestBot was slain by Slime
[23:09:47 INFO]: ChatSpy was slain by Slime
[23:09:59 INFO]: TestBot was slain by Slime
[23:10:09 INFO]: ChatSpy was slain by Slime
[23:10:13 INFO]: TestBot was slain by Slime
[23:10:25 INFO]: TestBot was slain by Slime
[23:10:25 INFO]: ChatSpy was slain by Slime
[23:10:41 INFO]: ChatSpy was shot by Skeleton
[23:10:54 INFO]: ChatSpy was slain by Slime
[23:10:59 INFO]: TestBot was slain by Slime
[23:11:07 INFO]: ChatSpy was slain by Slime
[23:11:15 INFO]: ChatSpy was slain by Slime
[23:11:42 INFO]: TestBot was slain by Slime
[23:11:52 INFO]: TestBot was slain by Slime
[23:11:59 INFO]: ChatSpy was slain by Slime
[23:12:08 INFO]: TestBot was slain by Slime
[23:12:11 INFO]: ChatSpy was shot by Skeleton
[23:12:20 INFO]: ChatSpy was slain by Slime
[23:12:22 INFO]: TestBot was slain by Slime
[23:12:43 INFO]: TestBot was slain by Slime
[23:12:43 INFO]: ChatSpy was slain by Slime
[23:12:59 INFO]: ChatSpy was blown up by Creeper
[23:13:01 INFO]: TestBot was shot by Skeleton
[23:13:10 INFO]: TestBot was slain by Slime
[23:13:15 INFO]: ChatSpy was slain by Spider
[23:13:20 INFO]: TestBot was slain by Zombie
[23:13:30 INFO]: TestBot was slain by Zombie
[23:13:36 INFO]: TestBot was blown up by Creeper
[23:13:40 INFO]: ChatSpy was slain by Zombie
[23:13:46 INFO]: TestBot was slain by Zombie
[23:13:52 INFO]: ChatSpy was slain by Zombie
[23:14:00 INFO]: ChatSpy was slain by Zombie
[23:14:00 INFO]: TestBot was slain by Zombie
[23:14:07 INFO]: ChatSpy was slain by Zombie
[23:14:08 INFO]: TestBot was slain by Spider
[23:14:18 INFO]: ChatSpy was slain by Zombie
[23:14:19 INFO]: TestBot was slain by Zombie
[23:14:27 INFO]: TestBot was slain by Zombie
[23:14:28 INFO]: ChatSpy was slain by Zombie
[23:14:37 INFO]: TestBot was blown up by Creeper
[23:14:38 INFO]: ChatSpy was slain by Zombie
[23:14:44 INFO]: TestBot was blown up by Creeper
[23:14:47 INFO]: ChatSpy was slain by Zombie
[23:14:55 INFO]: ChatSpy was slain by Spider
[23:15:00 INFO]: TestBot was slain by Zombie
[23:15:04 INFO]: ChatSpy was slain by Zombie
[23:15:12 INFO]: ChatSpy was blown up by Creeper
[23:15:17 INFO]: TestBot was blown up by Creeper
[23:15:27 INFO]: ChatSpy was slain by Zombie
[23:15:30 INFO]: TestBot was slain by Slime
[23:15:39 INFO]: ChatSpy was slain by Spider
[23:15:41 INFO]: TestBot was slain by Zombie
[23:15:50 INFO]: TestBot was blown up by Creeper
[23:16:00 INFO]: TestBot was slain by Zombie
[23:16:05 INFO]: ChatSpy was shot by Skeleton
[23:16:21 INFO]: ChatSpy was shot by Skeleton
[23:16:24 INFO]: TestBot was slain by Slime
[23:16:31 INFO]: ChatSpy was slain by Zombie
[23:54:05 WARN]: Can't keep up! Is the server overloaded? Running 11398ms or 227 ticks behind
[23:54:06 INFO]: ChatSpy lost connection: Disconnected
[23:54:06 ERROR]: --- DO NOT REPORT THIS TO PAPER - THIS IS NOT A BUG OR A CRASH  - 1.21.1-133-3cb8529 (MC: 1.21.1) ---
[23:54:06 ERROR]: The server has not responded for 0 seconds! Creating thread dump
[23:54:06 ERROR]: ------------------------------
[23:54:06 ERROR]: Server thread dump (Look for plugins here before reporting to Paper!):
[23:54:06 INFO]: [38;2;255;255;85mChatSpy left the game[0m
[23:54:06 INFO]: TestBot lost connection: Disconnected
[23:54:06 INFO]: [38;2;255;255;85mTestBot left the game[0m
[23:54:06 ERROR]: ------------------------------
[23:54:06 ERROR]: Current Thread: Server thread
[23:54:06 ERROR]: 	PID: 48 | Suspended: false | Native: false | State: RUNNABLE
[23:54:06 ERROR]: 	Stack:
[23:54:06 ERROR]: 		net.minecraft.world.entity.Entity.move(Entity.java:1277)
[23:54:06 ERROR]: 		net.minecraft.world.entity.LivingEntity.handleRelativeFrictionAndCalculateMovement(LivingEntity.java:3065)
[23:54:06 ERROR]: 		net.minecraft.world.entity.LivingEntity.travel(LivingEntity.java:2999)
[23:54:06 ERROR]: 		net.minecraft.world.entity.LivingEntity.aiStep(LivingEntity.java:3525)
[23:54:06 ERROR]: 		net.minecraft.world.entity.Mob.aiStep(Mob.java:678)
[23:54:06 ERROR]: 		net.minecraft.world.entity.LivingEntity.tick(LivingEntity.java:3173)
[23:54:06 ERROR]: 		net.minecraft.world.entity.Mob.tick(Mob.java:445)
[23:54:06 ERROR]: 		net.minecraft.world.entity.monster.Slime.tick(Slime.java:154)
[23:54:06 ERROR]: 		net.minecraft.server.level.ServerLevel.tickNonPassenger(ServerLevel.java:1248)
[23:54:06 ERROR]: 		net.minecraft.server.level.ServerLevel$$Lambda/0x000000d80232b210.accept(Unknown Source)
[23:54:06 ERROR]: 		net.minecraft.world.level.Level.guardEntityTick(Level.java:1420)
[23:54:06 ERROR]: 		net.minecraft.server.level.ServerLevel.lambda$tick$4(ServerLevel.java:737)
[23:54:06 ERROR]: 		net.minecraft.server.level.ServerLevel$$Lambda/0x000000d80232ad68.accept(Unknown Source)
[23:54:06 ERROR]: 		net.minecraft.world.level.entity.EntityTickList.forEach(EntityTickList.java:39)
[23:54:06 ERROR]: 		net.minecraft.server.level.ServerLevel.tick(ServerLevel.java:717)
[23:54:06 ERROR]: 		net.minecraft.server.MinecraftServer.tickChildren(MinecraftServer.java:1804)
[23:54:06 ERROR]: 		net.minecraft.server.dedicated.DedicatedServer.tickChildren(DedicatedServer.java:473)
[23:54:06 ERROR]: 		net.minecraft.server.MinecraftServer.tickServer(MinecraftServer.java:1596)
[23:54:06 ERROR]: 		net.minecraft.server.MinecraftServer.runServer(MinecraftServer.java:1302)
[23:54:06 ERROR]: 		net.minecraft.server.MinecraftServer.lambda$spin$0(MinecraftServer.java:329)
[23:54:06 ERROR]: 		net.minecraft.server.MinecraftServer$$Lambda/0x000000d801c73b78.run(Unknown Source)
[23:54:06 ERROR]: 		java.base@21.0.11/java.lang.Thread.runWith(Thread.java:1596)
[23:54:06 ERROR]: 		java.base@21.0.11/java.lang.Thread.run(Thread.java:1583)
[23:54:06 ERROR]: ------------------------------
[23:54:06 ERROR]: --- DO NOT REPORT THIS TO PAPER - THIS IS NOT A BUG OR A CRASH ---
[23:54:06 ERROR]: ------------------------------
[21:10:07 WARN]: Can't keep up! Is the server overloaded? Running 5782ms or 115 ticks behind
